t,ECG 1,ECG 2,ECG3
1970-01-01 00:16:40,-0.047949195,-0.33732571,-0.099753726
1970-01-01 00:16:41,-0.17851201,-0.30798866,-0.13180633
1970-01-01 00:16:42,-0.3351874,-0.30798866,-0.15317474
1970-01-01 00:16:43,-0.30907483,-0.32265719,-0.07838532
1970-01-01 00:16:44,-0.24379342,-0.30798866,-0.014280105
1970-01-01 00:16:45,-0.1915683,-0.26398308,-0.046332712
1970-01-01 00:16:46,-0.16545573,-0.23464602,0.017772503
1970-01-01 00:16:47,-0.29601855,-0.17597191,0.0070883007
1970-01-01 00:16:48,-0.32213112,-0.24931455,0.049825111
1970-01-01 00:16:49,-0.29601855,-0.26398308,0.039140909
1970-01-01 00:16:50,-0.21768086,-0.19064044,0.071193516
1970-01-01 00:16:51,-0.15239945,-0.24931455,0.10324612
1970-01-01 00:16:52,-0.17851201,-0.23464602,0.11393033
1970-01-01 00:16:53,-0.28296227,-0.2786516,0.16735134
1970-01-01 00:16:54,-0.32213112,-0.24931455,0.16735134
1970-01-01 00:16:55,-0.24379342,-0.20530896,0.19940395
1970-01-01 00:16:56,-0.23073714,-0.26398308,0.17803554
1970-01-01 00:16:57,-0.1915683,-0.2786516,0.11393033
1970-01-01 00:16:58,-0.20462458,-0.2786516,0.10324612
1970-01-01 00:16:59,-0.21768086,-0.32265719,0.060509314
1970-01-01 00:17:00,-0.17851201,-0.36666277,0.060509314
1970-01-01 00:17:01,-0.047949195,-0.32265719,0.028456706
1970-01-01 00:17:02,-0.021836632,-0.33732571,0.028456706
1970-01-01 00:17:03,-0.034892913,-0.32265719,-0.014280105
1970-01-01 00:17:04,-0.047949195,-0.35199424,-0.024964307
1970-01-01 00:17:05,0.017332214,-0.3813313,-0.057016915
1970-01-01 00:17:06,0.18706388,-0.39599983,-0.07838532
1970-01-01 00:17:07,0.50041465,-0.41066835,-0.046332712
1970-01-01 00:17:08,0.93127195,-0.33732571,-0.046332712
1970-01-01 00:17:09,1.5579735,-0.30798866,-0.089069523
1970-01-01 00:17:10,2.1324499,-0.35199424,-0.14249054
1970-01-01 00:17:11,2.602476,-0.41066835,-0.15317474
1970-01-01 00:17:12,2.9549956,-0.36666277,-0.19591155
1970-01-01 00:17:13,3.2552901,-0.33732571,-0.19591155
1970-01-01 00:17:14,3.3466841,-0.33732571,-0.23864836
1970-01-01 00:17:15,3.2814027,-0.36666277,-0.24933256
1970-01-01 00:17:16,3.0072208,-0.41066835,-0.22796416
1970-01-01 00:17:17,2.7330389,-0.36666277,-0.22796416
1970-01-01 00:17:18,2.6547012,-0.33732571,-0.22796416
1970-01-01 00:17:19,2.5763635,-0.30798866,-0.24933256
1970-01-01 00:17:20,2.6155323,-0.26398308,-0.24933256
1970-01-01 00:17:21,2.7069263,-0.32265719,-0.22796416
1970-01-01 00:17:22,2.8113765,-0.26398308,-0.24933256
1970-01-01 00:17:23,2.6677574,-0.2786516,-0.23864836
1970-01-01 00:17:24,2.2630127,-0.2786516,-0.18522735
1970-01-01 00:17:25,1.9627182,-0.20530896,-0.21727995
1970-01-01 00:17:26,2.0671685,-0.2786516,-0.24933256
1970-01-01 00:17:27,2.4327444,-0.29332013,-0.18522735
1970-01-01 00:17:28,2.7591514,-0.2786516,-0.19591155
1970-01-01 00:17:29,2.6677574,-0.21997749,-0.24933256
1970-01-01 00:17:30,2.1324499,-0.21997749,-0.20659575
1970-01-01 00:17:31,1.3099041,-0.23464602,-0.22796416
1970-01-01 00:17:32,0.63097746,-0.23464602,-0.20659575
1970-01-01 00:17:33,0.1740076,-0.19064044,-0.21727995
1970-01-01 00:17:34,0.13483875,-0.23464602,-0.17454314
1970-01-01 00:17:35,0.13483875,-0.17597191,-0.15317474
1970-01-01 00:17:36,-0.0087803496,-0.14663485,-0.07838532
1970-01-01 00:17:37,-0.26990599,-0.13196633,-0.0035959019
1970-01-01 00:17:38,-0.45269394,-0.19064044,0.092561922
1970-01-01 00:17:39,-0.50491906,-0.19064044,0.30624597
1970-01-01 00:17:40,-0.46575022,-0.13196633,0.71224567
1970-01-01 00:17:41,-0.34824368,-0.1172978,1.1609822
1970-01-01 00:17:42,-0.29601855,-0.058623688,1.5776661
1970-01-01 00:17:43,-0.41352509,-0.087960743,1.9195606
1970-01-01 00:17:44,-0.4788065,-0.058623688,2.1973498
1970-01-01 00:17:45,-0.41352509,-0.10262927,2.3469287
1970-01-01 00:17:46,-0.26990599,5.0423064e-05,2.4430865
1970-01-01 00:17:47,-0.28296227,0.088061589,2.4217181
1970-01-01 00:17:48,-0.51797534,0.17607276,2.3469287
1970-01-01 00:17:49,-0.7660447,0.1467357,2.2507709
1970-01-01 00:17:50,-0.77910098,0.19074128,2.2400866
1970-01-01 00:17:51,-0.64853816,0.17607276,2.2828235
1970-01-01 00:17:52,-0.54408791,0.23474687,2.3148761
1970-01-01 00:17:53,-0.54408791,0.32275803,2.4110339
1970-01-01 00:17:54,-0.50491906,0.38143214,2.4217181
1970-01-01 00:17:55,-0.46575022,0.36676362,2.4003497
1970-01-01 00:17:56,-0.45269394,0.39610067,2.2187182
1970-01-01 00:17:57,-0.40046881,0.49878037,2.1118762
1970-01-01 00:17:58,-0.40046881,0.46944331,2.2294024
1970-01-01 00:17:59,-0.51797534,0.4107692,2.4324023
1970-01-01 00:18:00,-0.59631304,0.30808951,2.5926653
1970-01-01 00:18:01,-0.59631304,0.23474687,2.4858233
1970-01-01 00:18:02,-0.49186278,0.20540981,2.101192
1970-01-01 00:18:03,-0.42658137,0.17607276,1.4494557
1970-01-01 00:18:04,-0.40046881,0.16140423,0.70156147
1970-01-01 00:18:05,-0.45269394,0.16140423,0.081877719
1970-01-01 00:18:06,-0.57020047,0.073393062,-0.22796416
1970-01-01 00:18:07,-0.53103163,0.10273012,-0.29206937
1970-01-01 00:18:08,-0.43963765,0.073393062,-0.22796416
1970-01-01 00:18:09,-0.46575022,5.0423064e-05,-0.30275358
1970-01-01 00:18:10,-0.60936932,-0.014618105,-0.36685879
1970-01-01 00:18:11,-0.73993214,-0.058623688,-0.43096401
1970-01-01 00:18:12,-0.70076329,-0.10262927,-0.46301661
1970-01-01 00:18:13,-0.67465073,-0.16130338,-0.48438502
1970-01-01 00:18:14,-0.66159445,-0.23464602,-0.44164821
1970-01-01 00:18:15,-0.72687586,-0.21997749,-0.43096401
1970-01-01 00:18:16,-0.79215727,-0.24931455,-0.44164821
1970-01-01 00:18:17,-0.79215727,-0.24931455,-0.48438502
1970-01-01 00:18:18,-0.75298842,-0.32265719,-0.46301661
1970-01-01 00:18:19,-0.67465073,-0.36666277,-0.49506922
1970-01-01 00:18:20,-0.71381957,-0.29332013,-0.47370082
1970-01-01 00:18:21,-0.81826983,-0.24931455,-0.49506922
1970-01-01 00:18:22,-0.81826983,-0.21997749,-0.44164821
1970-01-01 00:18:23,-0.92272008,-0.32265719,-0.44164821
1970-01-01 00:18:24,-0.92272008,-0.32265719,-0.49506922
1970-01-01 00:18:25,-0.93577637,-0.29332013,-0.47370082
1970-01-01 00:18:26,-0.89660752,-0.29332013,-0.50575343
1970-01-01 00:18:27,-0.88355124,-0.23464602,-0.49506922
1970-01-01 00:18:28,-0.84438239,-0.26398308,-0.45233241
1970-01-01 00:18:29,-0.83132611,-0.29332013,-0.46301661
1970-01-01 00:18:30,-0.87049496,-0.2786516,-0.48438502
1970-01-01 00:18:31,-0.89660752,-0.21997749,-0.50575343
1970-01-01 00:18:32,-0.88355124,-0.21997749,-0.51643763
1970-01-01 00:18:33,-0.97494521,-0.17597191,-0.50575343
1970-01-01 00:18:34,-1.0793955,-0.16130338,-0.47370082
1970-01-01 00:18:35,-1.105508,-0.23464602,-0.53780603
1970-01-01 00:18:36,-1.0793955,-0.13196633,-0.55917444
1970-01-01 00:18:37,-1.0663392,-0.073292216,-0.51643763
1970-01-01 00:18:38,-1.0141141,0.014718951,-0.54849024
1970-01-01 00:18:39,-0.96188893,0.11739864,-0.59122705
1970-01-01 00:18:40,-0.93577637,0.27875245,-0.56985864
1970-01-01 00:18:41,-0.87049496,0.61612859,-0.59122705
1970-01-01 00:18:42,-0.83132611,1.1441956,-0.62327965
1970-01-01 00:18:43,-0.94883265,1.8629534,-0.64464806
1970-01-01 00:18:44,-0.92272008,2.4496946,-0.63396386
1970-01-01 00:18:45,-0.84438239,2.8750819,-0.61259545
1970-01-01 00:18:46,-0.79215727,3.1537839,-0.61259545
1970-01-01 00:18:47,-0.72687586,3.4178174,-0.66601646
1970-01-01 00:18:48,-0.58325675,3.5058285,-0.67670067
1970-01-01 00:18:49,-0.4788065,3.4178174,-0.71943748
1970-01-01 00:18:50,-0.4788065,3.1391154,-0.69806907
1970-01-01 00:18:51,-0.58325675,2.9777615,-0.71943748
1970-01-01 00:18:52,-0.58325675,2.8897504,-0.71943748
1970-01-01 00:18:53,-0.37435624,2.9044189,-0.73012168
1970-01-01 00:18:54,-0.25684971,3.0217671,-0.7942269
1970-01-01 00:18:55,-0.24379342,3.0657727,-0.75149009
1970-01-01 00:18:56,-0.1915683,3.1831209,-0.83696371
1970-01-01 00:18:57,-0.1915683,2.9777615,-0.86901631
1970-01-01 00:18:58,-0.17851201,2.7430651,-0.85833211
1970-01-01 00:18:59,-0.15239945,2.6403854,-0.83696371
1970-01-01 00:19:00,-0.1915683,2.8310763,-0.86901631
1970-01-01 00:19:01,-0.23073714,3.2271265,-0.85833211
1970-01-01 00:19:02,-0.16545573,3.3004692,-0.85833211
1970-01-01 00:19:03,-0.10017432,2.933756,-0.90106892
1970-01-01 00:19:04,-0.061005477,2.1856611,-0.91175313
1970-01-01 00:19:05,-0.074061759,1.2468753,-0.90106892
1970-01-01 00:19:06,0.017332214,0.51344889,-0.91175313
1970-01-01 00:19:07,-0.074061759,0.044056006,-0.87970052
1970-01-01 00:19:08,-0.11323061,-0.087960743,-0.86901631
1970-01-01 00:19:09,-0.061005477,-0.17597191,-0.89038472
1970-01-01 00:19:10,0.0042759323,-0.2786516,-0.90106892
1970-01-01 00:19:11,-0.047949195,-0.36666277,-0.83696371
1970-01-01 00:19:12,-0.12628689,-0.45467394,-0.7942269
1970-01-01 00:19:13,-0.32213112,-0.48401099,-0.8262795
1970-01-01 00:19:14,-0.34824368,-0.49867952,-0.83696371
1970-01-01 00:19:15,-0.3351874,-0.5426851,-0.8262795
1970-01-01 00:19:16,-0.16545573,-0.60135921,-0.77285849
1970-01-01 00:19:17,-0.061005477,-0.55735363,-0.71943748
1970-01-01 00:19:18,0.0042759323,-0.58669069,-0.67670067
1970-01-01 00:19:19,-0.021836632,-0.57202216,-0.61259545
1970-01-01 00:19:20,-0.11323061,-0.55735363,-0.54849024
1970-01-01 00:19:21,-0.1915683,-0.61602774,-0.52712183
1970-01-01 00:19:22,-0.20462458,-0.55735363,-0.48438502
1970-01-01 00:19:23,-0.20462458,-0.58669069,-0.4095956
1970-01-01 00:19:24,-0.25684971,-0.55735363,-0.34549039
1970-01-01 00:19:25,-0.1915683,-0.6453648,-0.31343778
1970-01-01 00:19:26,-0.021836632,-0.60135921,-0.33480618
1970-01-01 00:19:27,0.043444778,-0.68937038,-0.27070097
1970-01-01 00:19:28,-0.021836632,-0.63069627,-0.21727995
1970-01-01 00:19:29,-0.13934317,-0.58669069,-0.14249054
1970-01-01 00:19:30,-0.23073714,-0.57202216,-0.067701118
1970-01-01 00:19:31,-0.29601855,-0.63069627,-0.099753726
1970-01-01 00:19:32,-0.1915683,-0.6453648,-0.057016915
1970-01-01 00:19:33,-0.11323061,-0.67470185,-0.13180633
1970-01-01 00:19:34,-0.034892913,-0.66003332,-0.067701118
1970-01-01 00:19:35,-0.0087803496,-0.63069627,-0.024964307
1970-01-01 00:19:36,-0.087118041,-0.68937038,-0.014280105
1970-01-01 00:19:37,-0.0087803496,-0.67470185,-0.067701118
1970-01-01 00:19:38,-0.0087803496,-0.70403891,-0.046332712
1970-01-01 00:19:39,0.043444778,-0.76271302,-0.03564851
1970-01-01 00:19:40,-0.047949195,-0.77738155,-0.014280105
1970-01-01 00:19:41,-0.13934317,-0.77738155,-0.024964307
1970-01-01 00:19:42,-0.17851201,-0.77738155,-0.067701118
1970-01-01 00:19:43,-0.16545573,-0.77738155,-0.046332712
1970-01-01 00:19:44,-0.087118041,-0.86539271,-0.089069523
1970-01-01 00:19:45,-0.0087803496,-0.83605566,-0.099753726
1970-01-01 00:19:46,0.043444778,-0.83605566,-0.099753726
1970-01-01 00:19:47,0.10872619,-0.83605566,-0.089069523
1970-01-01 00:19:48,0.095669906,-0.92406682,-0.089069523
1970-01-01 00:19:49,0.043444778,-0.86539271,-0.14249054
1970-01-01 00:19:50,0.082613624,-0.92406682,-0.13180633
1970-01-01 00:19:51,0.10872619,-0.9093983,-0.16385894
1970-01-01 00:19:52,0.12178247,-0.93873535,-0.11043793
1970-01-01 00:19:53,0.095669906,-0.93873535,-0.16385894
1970-01-01 00:19:54,-0.021836632,-0.95340388,-0.18522735
1970-01-01 00:19:55,0.05650106,-0.96807241,-0.20659575
1970-01-01 00:19:56,0.05650106,-0.93873535,-0.20659575
1970-01-01 00:19:57,0.017332214,-1.012078,-0.15317474
1970-01-01 00:19:58,-0.0087803496,-1.012078,-0.12112213
1970-01-01 00:19:59,0.0042759323,-1.0707521,-0.13180633
1970-01-01 00:20:00,0.13483875,-1.0707521,-0.12112213
1970-01-01 00:20:01,0.16095132,-1.0707521,-0.22796416
1970-01-01 00:20:02,0.16095132,-1.1147577,-0.18522735
1970-01-01 00:20:03,0.095669906,-1.0560836,-0.15317474
1970-01-01 00:20:04,0.095669906,-1.1000892,-0.15317474
1970-01-01 00:20:05,0.043444778,-1.1147577,-0.16385894
1970-01-01 00:20:06,0.12178247,-1.1147577,-0.17454314
1970-01-01 00:20:07,0.26540157,-1.1000892,-0.16385894
1970-01-01 00:20:08,0.38290811,-1.1000892,-0.16385894
1970-01-01 00:20:09,0.4612458,-1.1147577,-0.16385894
1970-01-01 00:20:10,0.43513324,-1.1294262,-0.13180633
1970-01-01 00:20:11,0.42207695,-1.1147577,-0.13180633
1970-01-01 00:20:12,0.44818952,-1.1000892,-0.20659575
1970-01-01 00:20:13,0.53958349,-1.0854206,-0.15317474
1970-01-01 00:20:14,0.57875234,-1.0267465,-0.12112213
1970-01-01 00:20:15,0.51347093,-1.012078,-0.14249054
1970-01-01 00:20:16,0.44818952,-0.95340388,-0.13180633
1970-01-01 00:20:17,0.33068298,-0.96807241,-0.12112213
1970-01-01 00:20:18,0.38290811,-0.93873535,-0.13180633
1970-01-01 00:20:19,0.43513324,-0.85072418,-0.099753726
1970-01-01 00:20:20,0.36985183,-0.79205007,-0.067701118
1970-01-01 00:20:21,0.30457042,-0.77738155,-0.089069523
1970-01-01 00:20:22,0.25234529,-0.68937038,-0.089069523
1970-01-01 00:20:23,0.3176267,-0.61602774,-0.12112213
1970-01-01 00:20:24,0.36985183,-0.58669069,-0.067701118
1970-01-01 00:20:25,0.35679554,-0.51334805,-0.067701118
1970-01-01 00:20:26,0.38290811,-0.44000541,-0.046332712
1970-01-01 00:20:27,0.3176267,-0.42533688,-0.03564851
1970-01-01 00:20:28,0.26540157,-0.41066835,-0.014280105
1970-01-01 00:20:29,0.16095132,-0.24931455,0.0070883007
1970-01-01 00:20:30,0.22623273,-0.24931455,0.028456706
1970-01-01 00:20:31,0.082613624,-0.21997749,0.060509314
1970-01-01 00:20:32,-0.021836632,-0.24931455,0.071193516
1970-01-01 00:20:33,-0.11323061,-0.19064044,0.11393033
1970-01-01 00:20:34,-0.061005477,-0.23464602,0.11393033
1970-01-01 00:20:35,0.043444778,-0.16130338,0.092561922
1970-01-01 00:20:36,0.12178247,-0.13196633,0.15666714
1970-01-01 00:20:37,0.12178247,-0.087960743,0.22077235
1970-01-01 00:20:38,0.0042759323,-0.20530896,0.19940395
1970-01-01 00:20:39,-0.087118041,-0.20530896,0.13529873
1970-01-01 00:20:40,-0.16545573,-0.16130338,0.10324612
1970-01-01 00:20:41,-0.16545573,-0.14663485,0.049825111
1970-01-01 00:20:42,-0.087118041,-0.16130338,0.028456706
1970-01-01 00:20:43,-0.047949195,-0.14663485,0.017772503
1970-01-01 00:20:44,0.0042759323,-0.20530896,0.0070883007
1970-01-01 00:20:45,0.030388496,-0.19064044,-0.03564851
1970-01-01 00:20:46,-0.061005477,-0.20530896,-0.067701118
1970-01-01 00:20:47,0.0042759323,-0.17597191,-0.07838532
1970-01-01 00:20:48,0.069557342,-0.19064044,-0.07838532
1970-01-01 00:20:49,-0.0087803496,-0.19064044,-0.03564851
1970-01-01 00:20:50,0.10872619,-0.2786516,-0.099753726
1970-01-01 00:20:51,0.10872619,-0.21997749,-0.13180633
1970-01-01 00:20:52,0.12178247,-0.19064044,-0.20659575
1970-01-01 00:20:53,0.095669906,-0.20530896,-0.18522735
1970-01-01 00:20:54,0.10872619,-0.20530896,-0.27070097
1970-01-01 00:20:55,0.069557342,-0.19064044,-0.26001676
1970-01-01 00:20:56,-0.0087803496,-0.20530896,-0.28138517
1970-01-01 00:20:57,0.069557342,-0.32265719,-0.26001676
1970-01-01 00:20:58,0.20012016,-0.23464602,-0.27070097
1970-01-01 00:20:59,0.30457042,-0.21997749,-0.31343778
1970-01-01 00:21:00,0.48735836,-0.26398308,-0.28138517
1970-01-01 00:21:01,0.72237144,-0.29332013,-0.28138517
1970-01-01 00:21:02,1.0748911,-0.23464602,-0.32412198
1970-01-01 00:21:03,1.4535232,-0.26398308,-0.31343778
1970-01-01 00:21:04,1.9104931,-0.20530896,-0.28138517
1970-01-01 00:21:05,2.3152378,-0.21997749,-0.24933256
1970-01-01 00:21:06,2.6155323,-0.16130338,-0.22796416
1970-01-01 00:21:07,2.7460951,-0.21997749,-0.23864836
1970-01-01 00:21:08,2.8374891,-0.24931455,-0.29206937
1970-01-01 00:21:09,2.7591514,-0.16130338,-0.28138517
1970-01-01 00:21:10,2.6285886,-0.19064044,-0.29206937
1970-01-01 00:21:11,2.4719132,-0.16130338,-0.28138517
1970-01-01 00:21:12,2.3544067,-0.19064044,-0.28138517
1970-01-01 00:21:13,2.4458007,-0.14663485,-0.28138517
1970-01-01 00:21:14,2.5633072,-0.20530896,-0.33480618
1970-01-01 00:21:15,2.6155323,-0.14663485,-0.31343778
1970-01-01 00:21:16,2.5763635,-0.13196633,-0.30275358
1970-01-01 00:21:17,2.4849695,-0.13196633,-0.28138517
1970-01-01 00:21:18,2.3152378,-0.19064044,-0.18522735
1970-01-01 00:21:19,1.9888308,-0.16130338,-0.16385894
1970-01-01 00:21:20,1.9104931,-0.13196633,-0.089069523
1970-01-01 00:21:21,2.093281,-0.087960743,0.081877719
1970-01-01 00:21:22,2.4588569,-0.087960743,0.35966699
1970-01-01 00:21:23,2.5371946,-0.029286632,0.84045611
1970-01-01 00:21:24,2.3413504,-0.13196633,1.4601399
1970-01-01 00:21:25,1.7799303,-0.073292216,2.0157184
1970-01-01 00:21:26,1.0618348,-0.087960743,2.4003497
1970-01-01 00:21:27,0.53958349,-0.10262927,2.6995074
1970-01-01 00:21:28,0.33068298,-0.10262927,2.8597704
1970-01-01 00:21:29,0.38290811,-0.13196633,2.891823
1970-01-01 00:21:30,0.33068298,-0.073292216,2.838402
1970-01-01 00:21:31,0.16095132,-0.029286632,2.7422442
1970-01-01 00:21:32,0.017332214,-0.04395516,2.6888232
1970-01-01 00:21:33,-0.20462458,-0.014618105,2.678139
1970-01-01 00:21:34,-0.38741253,-0.014618105,2.7742968
1970-01-01 00:21:35,-0.45269394,0.014718951,2.891823
1970-01-01 00:21:36,-0.3351874,0.044056006,2.9345598
1970-01-01 00:21:37,-0.26990599,0.073393062,2.945244
1970-01-01 00:21:38,-0.20462458,0.16140423,2.8490862
1970-01-01 00:21:39,-0.25684971,0.24941539,2.6995074
1970-01-01 00:21:40,-0.28296227,0.23474687,2.5926653
1970-01-01 00:21:41,-0.26990599,0.26408392,2.7636126
1970-01-01 00:21:42,-0.20462458,0.30808951,2.945244
1970-01-01 00:21:43,-0.16545573,0.32275803,3.0841387
1970-01-01 00:21:44,-0.1915683,0.39610067,2.8277178
1970-01-01 00:21:45,-0.20462458,0.45477478,2.2614551
1970-01-01 00:21:46,-0.28296227,0.52811742,1.3960346
1970-01-01 00:21:47,-0.23073714,0.55745448,0.45582481
1970-01-01 00:21:48,-0.1915683,0.572123,-0.13180633
1970-01-01 00:21:49,-0.16545573,0.60146006,-0.33480618
1970-01-01 00:21:50,-0.21768086,0.64546564,-0.37754299
1970-01-01 00:21:51,-0.26990599,0.51344889,-0.34549039
1970-01-01 00:21:52,-0.28296227,0.45477478,-0.44164821
1970-01-01 00:21:53,-0.23073714,0.33742656,-0.54849024
1970-01-01 00:21:54,-0.17851201,0.4107692,-0.61259545
1970-01-01 00:21:55,-0.21768086,0.4107692,-0.60191125
1970-01-01 00:21:56,-0.30907483,0.38143214,-0.64464806
1970-01-01 00:21:57,-0.3351874,0.29342098,-0.63396386
1970-01-01 00:21:58,-0.30907483,0.29342098,-0.64464806
1970-01-01 00:21:59,-0.28296227,0.33742656,-0.65533226
1970-01-01 00:22:00,-0.34824368,0.30808951,-0.63396386
1970-01-01 00:22:01,-0.42658137,0.27875245,-0.61259545
1970-01-01 00:22:02,-0.43963765,0.11739864,-0.61259545
1970-01-01 00:22:03,-0.49186278,0.073393062,-0.64464806
1970-01-01 00:22:04,-0.43963765,5.0423064e-05,-0.67670067
1970-01-01 00:22:05,-0.45269394,-0.073292216,-0.66601646
1970-01-01 00:22:06,-0.42658137,-0.04395516,-0.67670067
1970-01-01 00:22:07,-0.4788065,-0.058623688,-0.69806907
1970-01-01 00:22:08,-0.55714419,-0.073292216,-0.66601646
1970-01-01 00:22:09,-0.6224256,-0.087960743,-0.67670067
1970-01-01 00:22:10,-0.59631304,-0.058623688,-0.67670067
1970-01-01 00:22:11,-0.58325675,-0.04395516,-0.67670067
1970-01-01 00:22:12,-0.55714419,5.0423064e-05,-0.71943748
1970-01-01 00:22:13,-0.58325675,-0.014618105,-0.71943748
1970-01-01 00:22:14,-0.51797534,5.0423064e-05,-0.66601646
1970-01-01 00:22:15,-0.60936932,-0.058623688,-0.70875328
1970-01-01 00:22:16,-0.71381957,-0.058623688,-0.70875328
1970-01-01 00:22:17,-0.79215727,5.0423064e-05,-0.77285849
1970-01-01 00:22:18,-0.70076329,-0.014618105,-0.73012168
1970-01-01 00:22:19,-0.77910098,-0.014618105,-0.76217429
1970-01-01 00:22:20,-0.79215727,0.029387478,-0.7942269
1970-01-01 00:22:21,-0.75298842,0.014718951,-0.7942269
1970-01-01 00:22:22,-0.64853816,0.029387478,-0.76217429
1970-01-01 00:22:23,-0.64853816,0.058724534,-0.8155953
1970-01-01 00:22:24,-0.67465073,0.044056006,-0.8262795
1970-01-01 00:22:25,-0.77910098,0.029387478,-0.8049111
1970-01-01 00:22:26,-0.9096638,0.088061589,-0.76217429
1970-01-01 00:22:27,-0.97494521,0.10273012,-0.85833211
1970-01-01 00:22:28,-1.0141141,0.1467357,-0.83696371
1970-01-01 00:22:29,-0.97494521,0.22007834,-0.85833211
1970-01-01 00:22:30,-0.89660752,0.35209509,-0.91175313
1970-01-01 00:22:31,-0.88355124,0.52811742,-0.91175313
1970-01-01 00:22:32,-0.93577637,0.85082503,-0.94380573
1970-01-01 00:22:33,-0.92272008,1.4082291,-0.97585834
1970-01-01 00:22:34,-0.98800149,2.0829814,-1.0185952
1970-01-01 00:22:35,-0.94883265,2.7870707,-1.0079109
1970-01-01 00:22:36,-0.83132611,3.3738118,-1.0292794
1970-01-01 00:22:37,-0.73993214,3.740525,-1.0399636
1970-01-01 00:22:38,-0.7660447,4.0779011,-1.0399636
1970-01-01 00:22:39,-0.68770701,4.2539235,-1.0933846
1970-01-01 00:22:40,-0.58325675,4.1659123,-1.0720162
1970-01-01 00:22:41,-0.58325675,3.8872103,-1.0399636
1970-01-01 00:22:42,-0.58325675,3.6085082,-1.1040688
1970-01-01 00:22:43,-0.60936932,3.4471544,-1.1361214
1970-01-01 00:22:44,-0.50491906,3.4031489,-1.1361214
1970-01-01 00:22:45,-0.43963765,3.4764915,-1.1574898
1970-01-01 00:22:46,-0.30907483,3.6085082,-1.1574898
1970-01-01 00:22:47,-0.30907483,3.6525138,-1.168174
1970-01-01 00:22:48,-0.25684971,3.5204971,-1.1788582
1970-01-01 00:22:49,-0.24379342,3.3151377,-1.1895424
1970-01-01 00:22:50,-0.26990599,3.1831209,-1.1895424
1970-01-01 00:22:51,-0.24379342,3.3444747,-1.1468056
1970-01-01 00:22:52,-0.21768086,3.6818509,-1.1574898
1970-01-01 00:22:53,-0.074061759,3.7258565,-1.1040688
1970-01-01 00:22:54,-0.061005477,3.4324859,-1.0827004
1970-01-01 00:22:55,-0.074061759,2.684391,-1.0827004
1970-01-01 00:22:56,-0.23073714,1.7309367,-0.98654254
1970-01-01 00:22:57,-0.21768086,0.89483061,-0.94380573
1970-01-01 00:22:58,-0.1915683,0.36676362,-0.93312153
1970-01-01 00:22:59,-0.11323061,0.17607276,-0.92243733
1970-01-01 00:23:00,-0.034892913,0.088061589,-0.89038472
1970-01-01 00:23:01,-0.0087803496,0.014718951,-0.84764791
1970-01-01 00:23:02,-0.061005477,-0.073292216,-0.8049111
1970-01-01 00:23:03,-0.13934317,-0.1172978,-0.73012168
1970-01-01 00:23:04,-0.16545573,-0.17597191,-0.62327965
1970-01-01 00:23:05,-0.15239945,-0.21997749,-0.60191125
1970-01-01 00:23:06,-0.087118041,-0.23464602,-0.53780603
1970-01-01 00:23:07,-0.021836632,-0.17597191,-0.51643763
1970-01-01 00:23:08,-0.034892913,-0.17597191,-0.44164821
1970-01-01 00:23:09,-0.11323061,-0.20530896,-0.3882272
1970-01-01 00:23:10,-0.047949195,-0.23464602,-0.34549039
1970-01-01 00:23:11,-0.061005477,-0.20530896,-0.35617459
1970-01-01 00:23:12,-0.0087803496,-0.20530896,-0.31343778
1970-01-01 00:23:13,-0.021836632,-0.23464602,-0.27070097
1970-01-01 00:23:14,-0.021836632,-0.19064044,-0.28138517
1970-01-01 00:23:15,-0.10017432,-0.20530896,-0.28138517
1970-01-01 00:23:16,-0.021836632,-0.24931455,-0.24933256
1970-01-01 00:23:17,-0.087118041,-0.29332013,-0.29206937
1970-01-01 00:23:18,-0.21768086,-0.24931455,-0.31343778
1970-01-01 00:23:19,-0.24379342,-0.20530896,-0.26001676
1970-01-01 00:23:20,-0.24379342,-0.20530896,-0.28138517
1970-01-01 00:23:21,-0.20462458,-0.21997749,-0.20659575
1970-01-01 00:23:22,-0.23073714,-0.24931455,-0.19591155
1970-01-01 00:23:23,-0.17851201,-0.33732571,-0.19591155
1970-01-01 00:23:24,-0.15239945,-0.32265719,-0.26001676
1970-01-01 00:23:25,-0.13934317,-0.2786516,-0.26001676
1970-01-01 00:23:26,-0.20462458,-0.32265719,-0.23864836
1970-01-01 00:23:27,-0.15239945,-0.32265719,-0.20659575
1970-01-01 00:23:28,-0.13934317,-0.36666277,-0.19591155
1970-01-01 00:23:29,-0.10017432,-0.32265719,-0.14249054
1970-01-01 00:23:30,-0.12628689,-0.30798866,-0.07838532
1970-01-01 00:23:31,-0.17851201,-0.32265719,-0.089069523
1970-01-01 00:23:32,-0.23073714,-0.33732571,-0.03564851
1970-01-01 00:23:33,-0.24379342,-0.35199424,-0.046332712
1970-01-01 00:23:34,-0.1915683,-0.35199424,-0.18522735
1970-01-01 00:23:35,-0.1915683,-0.41066835,-0.43096401
1970-01-01 00:23:36,-0.12628689,-0.41066835,-0.70875328
1970-01-01 00:23:37,-0.11323061,-0.44000541,-0.91175313
1970-01-01 00:23:38,-0.074061759,-0.44000541,-1.0827004
1970-01-01 00:23:39,-0.034892913,-0.46934246,-1.3177528
1970-01-01 00:23:40,-0.0087803496,-0.51334805,-1.5741737
1970-01-01 00:23:41,0.017332214,-0.51334805,-1.8305946
1970-01-01 00:23:42,-0.10017432,-0.5426851,-2.0335944
1970-01-01 00:23:43,-0.16545573,-0.55735363,-2.2045416
1970-01-01 00:23:44,-0.20462458,-0.55735363,-2.3327521
1970-01-01 00:23:45,-0.17851201,-0.58669069,-2.5143835
1970-01-01 00:23:46,-0.074061759,-0.60135921,-2.7708044
1970-01-01 00:23:47,0.017332214,-0.63069627,-3.0485937
1970-01-01 00:23:48,0.05650106,-0.61602774,-3.2622777
1970-01-01 00:23:49,-0.021836632,-0.66003332,-3.4973302
1970-01-01 00:23:50,-0.021836632,-0.66003332,-3.6148564
1970-01-01 00:23:51,-0.12628689,-0.73337596,-3.7323826
1970-01-01 00:23:52,-0.11323061,-0.68937038,-3.8819615
1970-01-01 00:23:53,-0.034892913,-0.71870744,-3.9781193
1970-01-01 00:23:54,0.043444778,-0.77738155,-3.9994877
1970-01-01 00:23:55,0.12178247,-0.77738155,-3.8926457
1970-01-01 00:23:56,0.13483875,-0.77738155,-3.753751
1970-01-01 00:23:57,0.14789503,-0.82138713,-3.5721196
1970-01-01 00:23:58,0.20012016,-0.82138713,-3.3584355
1970-01-01 00:23:59,0.30457042,-0.77738155,-3.4118565
1970-01-01 00:24:00,0.35679554,-0.79205007,-3.753751
1970-01-01 00:24:01,0.42207695,-0.82138713,-4.3093296
1970-01-01 00:24:02,0.36985183,-0.76271302,-4.7046451
1970-01-01 00:24:03,0.38290811,-0.74804449,-4.8008029
1970-01-01 00:24:04,0.39596439,-0.77738155,-4.6619082
1970-01-01 00:24:05,0.40902067,-0.71870744,-4.4054874
1970-01-01 00:24:06,0.4612458,-0.70403891,-4.2452243
1970-01-01 00:24:07,0.50041465,-0.70403891,-4.0101719
1970-01-01 00:24:08,0.4612458,-0.74804449,-3.70033
1970-01-01 00:24:09,0.35679554,-0.63069627,-3.4759618
1970-01-01 00:24:10,0.27845785,-0.58669069,-3.2409093
1970-01-01 00:24:11,0.29151413,-0.49867952,-3.0806463
1970-01-01 00:24:12,0.30457042,-0.45467394,-2.9417516
1970-01-01 00:24:13,0.26540157,-0.42533688,-2.6319097
1970-01-01 00:24:14,0.21317644,-0.35199424,-2.1618048
1970-01-01 00:24:15,0.14789503,-0.29332013,-1.5848579
1970-01-01 00:24:16,0.082613624,-0.17597191,-0.92243733
1970-01-01 00:24:17,0.069557342,-0.13196633,-0.30275358
1970-01-01 00:24:18,0.10872619,-0.17597191,0.31693018
1970-01-01 00:24:19,0.12178247,-0.073292216,0.69087727
1970-01-01 00:24:20,0.069557342,-0.058623688,0.90456132
1970-01-01 00:24:21,0.0042759323,0.044056006,0.96866654
1970-01-01 00:24:22,-0.087118041,0.088061589,1.0541402
1970-01-01 00:24:23,-0.11323061,0.1467357,1.043456
1970-01-01 00:24:24,-0.074061759,0.10273012,1.0648244
1970-01-01 00:24:25,-0.047949195,0.19074128,1.096877
1970-01-01 00:24:26,-0.061005477,0.20540981,1.1396138
1970-01-01 00:24:27,-0.074061759,0.19074128,1.1930348
1970-01-01 00:24:28,-0.061005477,0.24941539,1.1930348
1970-01-01 00:24:29,-0.074061759,0.19074128,1.1930348
1970-01-01 00:24:30,-0.047949195,0.26408392,1.2250874
1970-01-01 00:24:31,-0.021836632,0.16140423,1.2250874
1970-01-01 00:24:32,-0.034892913,0.22007834,1.25714
1970-01-01 00:24:33,-0.074061759,0.23474687,1.310561
1970-01-01 00:24:34,-0.087118041,0.17607276,1.3212452
1970-01-01 00:24:35,-0.061005477,0.16140423,1.310561
1970-01-01 00:24:36,-0.087118041,0.17607276,1.2998768
1970-01-01 00:24:37,-0.047949195,0.19074128,1.2998768
1970-01-01 00:24:38,-0.074061759,0.20540981,1.2891926
1970-01-01 00:24:39,-0.021836632,0.19074128,1.4067188
1970-01-01 00:24:40,0.043444778,0.20540981,1.4601399
1970-01-01 00:24:41,0.095669906,0.1467357,1.5242451
1970-01-01 00:24:42,-0.0087803496,0.1467357,1.5456135
1970-01-01 00:24:43,-0.16545573,0.13206717,1.6204029
1970-01-01 00:24:44,-0.074061759,0.16140423,1.6845081
1970-01-01 00:24:45,-0.0087803496,0.088061589,1.7806659
1970-01-01 00:24:46,0.017332214,0.11739864,1.8447712
1970-01-01 00:24:47,0.1740076,0.11739864,1.887508
1970-01-01 00:24:48,0.25234529,0.058724534,1.9622974
1970-01-01 00:24:49,0.26540157,0.17607276,2.0050342
1970-01-01 00:24:50,0.48735836,0.13206717,2.0798236
1970-01-01 00:24:51,0.95738451,0.073393062,2.1759814
1970-01-01 00:24:52,1.5971423,0.073393062,2.3041919
1970-01-01 00:24:53,2.276069,0.088061589,2.3469287
1970-01-01 00:24:54,2.8244328,0.073393062,2.4110339
1970-01-01 00:24:55,3.3205715,0.11739864,2.4430865
1970-01-01 00:24:56,3.6469786,0.1467357,2.5285601
1970-01-01 00:24:57,3.8428228,0.073393062,2.5712969
1970-01-01 00:24:58,3.8428228,0.044056006,2.6033495
1970-01-01 00:24:59,3.6339223,0.058724534,2.6247179
1970-01-01 00:25:00,3.294459,0.073393062,2.6567706
1970-01-01 00:25:01,3.0594459,0.11739864,2.7422442
1970-01-01 00:25:02,2.9419394,0.073393062,2.7529284
1970-01-01 00:25:03,2.9158268,0.073393062,2.73156
1970-01-01 00:25:04,2.9419394,0.044056006,2.7742968
1970-01-01 00:25:05,3.0855585,0.029387478,2.7422442
1970-01-01 00:25:06,3.0594459,0.088061589,2.7956652
1970-01-01 00:25:07,2.8113765,0.058724534,2.784981
1970-01-01 00:25:08,2.6285886,5.0423064e-05,2.7956652
1970-01-01 00:25:09,2.6155323,0.029387478,2.8277178
1970-01-01 00:25:10,2.9158268,0.029387478,2.7208758
1970-01-01 00:25:11,3.2161213,0.058724534,2.6567706
1970-01-01 00:25:12,3.0725022,0.044056006,2.7101916
1970-01-01 00:25:13,2.4980258,0.073393062,2.6567706
1970-01-01 00:25:14,1.7538177,0.044056006,2.6995074
1970-01-01 00:25:15,0.97044079,0.029387478,2.5926653
1970-01-01 00:25:16,0.36985183,0.044056006,2.5178759
1970-01-01 00:25:17,0.14789503,0.044056006,2.4430865
1970-01-01 00:25:18,0.13483875,0.088061589,2.4110339
1970-01-01 00:25:19,0.082613624,0.088061589,2.3255603
1970-01-01 00:25:20,-0.074061759,0.029387478,2.2721393
1970-01-01 00:25:21,-0.17851201,0.073393062,2.1866656
1970-01-01 00:25:22,-0.24379342,0.073393062,2.1332446
1970-01-01 00:25:23,-0.21768086,0.1467357,1.9836658
1970-01-01 00:25:24,-0.21768086,0.088061589,1.9302448
1970-01-01 00:25:25,-0.23073714,0.13206717,1.8981922
1970-01-01 00:25:26,-0.32213112,0.17607276,1.8020343
1970-01-01 00:25:27,-0.30907483,0.23474687,1.6951923
1970-01-01 00:25:28,-0.30907483,0.26408392,1.5776661
1970-01-01 00:25:29,-0.32213112,0.27875245,1.5028767
1970-01-01 00:25:30,-0.30907483,0.27875245,1.4494557
1970-01-01 00:25:31,-0.36129996,0.29342098,1.417403
1970-01-01 00:25:32,-0.37435624,0.32275803,1.310561
1970-01-01 00:25:33,-0.26990599,0.44010625,1.203719
1970-01-01 00:25:34,-0.26990599,0.44010625,1.1396138
1970-01-01 00:25:35,-0.23073714,0.46944331,1.0648244
1970-01-01 00:25:36,-0.1915683,0.52811742,0.96866654
1970-01-01 00:25:37,-0.24379342,0.45477478,0.89387712
1970-01-01 00:25:38,-0.30907483,0.33742656,0.8190877
1970-01-01 00:25:39,-0.28296227,0.33742656,0.76566669
1970-01-01 00:25:40,-0.38741253,0.29342098,0.69087727
1970-01-01 00:25:41,-0.42658137,0.26408392,0.61608785
1970-01-01 00:25:42,-0.45269394,0.23474687,0.60540365
1970-01-01 00:25:43,-0.42658137,0.23474687,0.49856162
1970-01-01 00:25:44,-0.34824368,0.22007834,0.49856162
1970-01-01 00:25:45,-0.32213112,0.1467357,0.44514061
1970-01-01 00:25:46,-0.26990599,0.19074128,0.4024038
1970-01-01 00:25:47,-0.23073714,0.088061589,0.4024038
1970-01-01 00:25:48,-0.17851201,0.029387478,0.30624597
1970-01-01 00:25:49,-0.21768086,-0.029286632,0.23145656
1970-01-01 00:25:50,-0.40046881,0.014718951,0.18871975
1970-01-01 00:25:51,-0.53103163,-0.014618105,0.22077235
1970-01-01 00:25:52,-0.54408791,-0.087960743,0.18871975
1970-01-01 00:25:53,-0.59631304,-0.14663485,0.17803554
1970-01-01 00:25:54,-0.55714419,-0.21997749,0.12461453
1970-01-01 00:25:55,-0.59631304,-0.17597191,0.092561922
1970-01-01 00:25:56,-0.55714419,-0.16130338,0.017772503
1970-01-01 00:25:57,-0.57020047,-0.16130338,0.028456706
1970-01-01 00:25:58,-0.55714419,-0.20530896,0.071193516
1970-01-01 00:25:59,-0.51797534,-0.23464602,0.049825111
1970-01-01 00:26:00,-0.54408791,-0.16130338,0.017772503
1970-01-01 00:26:01,-0.57020047,-0.17597191,-0.014280105
1970-01-01 00:26:02,-0.6224256,-0.19064044,-0.046332712
1970-01-01 00:26:03,-0.67465073,-0.17597191,-0.024964307
1970-01-01 00:26:04,-0.68770701,-0.13196633,-0.057016915
1970-01-01 00:26:05,-0.66159445,-0.13196633,-0.07838532
1970-01-01 00:26:06,-0.72687586,-0.17597191,-0.089069523
1970-01-01 00:26:07,-0.72687586,-0.087960743,-0.14249054
1970-01-01 00:26:08,-0.81826983,-0.073292216,-0.15317474
1970-01-01 00:26:09,-0.84438239,-0.087960743,-0.12112213
1970-01-01 00:26:10,-0.79215727,-0.058623688,-0.07838532
1970-01-01 00:26:11,-0.73993214,-0.087960743,-0.11043793
1970-01-01 00:26:12,-0.81826983,-0.10262927,-0.12112213
1970-01-01 00:26:13,-0.88355124,-0.058623688,-0.15317474
1970-01-01 00:26:14,-0.9096638,-0.073292216,-0.17454314
1970-01-01 00:26:15,-0.97494521,-0.058623688,-0.12112213
1970-01-01 00:26:16,-0.98800149,0.073393062,-0.099753726
1970-01-01 00:26:17,-0.98800149,0.1467357,-0.099753726
1970-01-01 00:26:18,-0.97494521,0.26408392,-0.13180633
1970-01-01 00:26:19,-0.92272008,0.48411184,-0.16385894
1970-01-01 00:26:20,-0.88355124,0.86549356,-0.099753726
1970-01-01 00:26:21,-0.89660752,1.349555,-0.099753726
1970-01-01 00:26:22,-0.9096638,2.0683128,-0.11043793
1970-01-01 00:26:23,-0.88355124,2.6697225,-0.11043793
1970-01-01 00:26:24,-0.87049496,3.1831209,-0.16385894
1970-01-01 00:26:25,-0.79215727,3.461823,-0.16385894
1970-01-01 00:26:26,-0.79215727,3.7258565,-0.13180633
1970-01-01 00:26:27,-0.79215727,3.740525,-0.12112213
1970-01-01 00:26:28,-0.72687586,3.6231768,-0.07838532
1970-01-01 00:26:29,-0.55714419,3.3884803,-0.15317474
1970-01-01 00:26:30,-0.43963765,3.2271265,-0.18522735
1970-01-01 00:26:31,-0.46575022,3.1537839,-0.17454314
1970-01-01 00:26:32,-0.57020047,3.1977895,-0.16385894
1970-01-01 00:26:33,-0.59631304,3.2711321,-0.15317474
1970-01-01 00:26:34,-0.41352509,3.3444747,-0.13180633
1970-01-01 00:26:35,-0.32213112,3.3738118,-0.14249054
1970-01-01 00:26:36,-0.23073714,3.1977895,-0.13180633
1970-01-01 00:26:37,-0.21768086,3.0364357,-0.14249054
1970-01-01 00:26:38,-0.23073714,2.9484245,-0.14249054
1970-01-01 00:26:39,-0.17851201,3.2271265,-0.14249054
1970-01-01 00:26:40,-0.15239945,3.5498341,-0.17454314
1970-01-01 00:26:41,-0.17851201,3.6671824,-0.18522735
1970-01-01 00:26:42,-0.15239945,3.2564636,-0.18522735
1970-01-01 00:26:43,-0.15239945,2.3763519,-0.12112213
1970-01-01 00:26:44,-0.074061759,1.4375661,-0.15317474
1970-01-01 00:26:45,0.043444778,0.60146006,-0.17454314
1970-01-01 00:26:46,0.1740076,0.1467357,-0.16385894
1970-01-01 00:26:47,0.14789503,0.014718951,-0.15317474
1970-01-01 00:26:48,0.069557342,-0.029286632,-0.17454314
1970-01-01 00:26:49,0.0042759323,-0.14663485,-0.16385894
1970-01-01 00:26:50,-0.087118041,-0.2786516,-0.14249054
1970-01-01 00:26:51,-0.087118041,-0.35199424,-0.11043793
1970-01-01 00:26:52,-0.047949195,-0.42533688,-0.19591155
1970-01-01 00:26:53,-0.021836632,-0.41066835,-0.16385894
1970-01-01 00:26:54,0.043444778,-0.3813313,-0.19591155
1970-01-01 00:26:55,0.05650106,-0.39599983,-0.19591155
1970-01-01 00:26:56,0.082613624,-0.44000541,-0.16385894
1970-01-01 00:26:57,0.0042759323,-0.39599983,-0.16385894
1970-01-01 00:26:58,-0.034892913,-0.3813313,-0.18522735
1970-01-01 00:26:59,-0.061005477,-0.46934246,-0.20659575
1970-01-01 00:27:00,-0.047949195,-0.45467394,-0.16385894
1970-01-01 00:27:01,-0.10017432,-0.48401099,-0.16385894
1970-01-01 00:27:02,-0.074061759,-0.48401099,-0.18522735
1970-01-01 00:27:03,0.095669906,-0.5426851,-0.20659575
1970-01-01 00:27:04,0.05650106,-0.44000541,-0.19591155
1970-01-01 00:27:05,-0.021836632,-0.44000541,-0.21727995
1970-01-01 00:27:06,-0.10017432,-0.46934246,-0.18522735
1970-01-01 00:27:07,-0.12628689,-0.46934246,-0.15317474
1970-01-01 00:27:08,-0.15239945,-0.48401099,-0.16385894
1970-01-01 00:27:09,-0.047949195,-0.44000541,-0.16385894
1970-01-01 00:27:10,-0.087118041,-0.44000541,-0.19591155
1970-01-01 00:27:11,-0.034892913,-0.52801657,-0.18522735
1970-01-01 00:27:12,-0.074061759,-0.51334805,-0.16385894
1970-01-01 00:27:13,-0.12628689,-0.58669069,-0.19591155
1970-01-01 00:27:14,-0.15239945,-0.52801657,-0.19591155
1970-01-01 00:27:15,-0.087118041,-0.57202216,-0.20659575
1970-01-01 00:27:16,-0.074061759,-0.55735363,-0.17454314
1970-01-01 00:27:17,0.0042759323,-0.55735363,-0.15317474
1970-01-01 00:27:18,0.030388496,-0.6453648,-0.18522735
1970-01-01 00:27:19,-0.034892913,-0.58669069,-0.12112213
1970-01-01 00:27:20,0.043444778,-0.55735363,-0.16385894
1970-01-01 00:27:21,0.082613624,-0.63069627,-0.20659575
1970-01-01 00:27:22,0.043444778,-0.60135921,-0.21727995
1970-01-01 00:27:23,-0.021836632,-0.61602774,-0.17454314
1970-01-01 00:27:24,0.017332214,-0.70403891,-0.19591155
1970-01-01 00:27:25,0.05650106,-0.63069627,-0.15317474
1970-01-01 00:27:26,0.05650106,-0.66003332,-0.18522735
1970-01-01 00:27:27,0.05650106,-0.66003332,-0.15317474
1970-01-01 00:27:28,-0.0087803496,-0.70403891,-0.14249054
1970-01-01 00:27:29,-0.061005477,-0.76271302,-0.17454314
1970-01-01 00:27:30,-0.074061759,-0.77738155,-0.16385894
1970-01-01 00:27:31,-0.034892913,-0.79205007,-0.16385894
1970-01-01 00:27:32,-0.074061759,-0.77738155,-0.16385894
1970-01-01 00:27:33,-0.034892913,-0.77738155,-0.19591155
1970-01-01 00:27:34,0.030388496,-0.82138713,-0.20659575
1970-01-01 00:27:35,0.05650106,-0.79205007,-0.15317474
1970-01-01 00:27:36,0.043444778,-0.85072418,-0.16385894
1970-01-01 00:27:37,0.030388496,-0.89472977,-0.13180633
1970-01-01 00:27:38,0.030388496,-0.83605566,-0.13180633
1970-01-01 00:27:39,0.043444778,-0.89472977,-0.13180633
1970-01-01 00:27:40,0.030388496,-0.92406682,-0.14249054
1970-01-01 00:27:41,0.069557342,-0.99740946,-0.16385894
1970-01-01 00:27:42,0.082613624,-0.93873535,-0.19591155
1970-01-01 00:27:43,0.22623273,-0.93873535,-0.17454314
1970-01-01 00:27:44,0.29151413,-0.92406682,-0.18522735
1970-01-01 00:27:45,0.33068298,-0.98274093,-0.16385894
1970-01-01 00:27:46,0.36985183,-0.95340388,-0.13180633
1970-01-01 00:27:47,0.33068298,-1.012078,-0.12112213
1970-01-01 00:27:48,0.25234529,-0.96807241,-0.13180633
1970-01-01 00:27:49,0.3176267,-1.0267465,-0.15317474
1970-01-01 00:27:50,0.38290811,-0.98274093,-0.16385894
1970-01-01 00:27:51,0.36985183,-1.012078,-0.12112213
1970-01-01 00:27:52,0.48735836,-1.0267465,-0.07838532
1970-01-01 00:27:53,0.55263977,-0.96807241,-0.067701118
1970-01-01 00:27:54,0.65709003,-0.95340388,-0.03564851
1970-01-01 00:27:55,0.68320259,-0.89472977,-0.03564851
1970-01-01 00:27:56,0.63097746,-0.88006124,-0.03564851
1970-01-01 00:27:57,0.59180862,-0.85072418,0.028456706
1970-01-01 00:27:58,0.50041465,-0.82138713,0.081877719
1970-01-01 00:27:59,0.4612458,-0.73337596,0.13529873
1970-01-01 00:28:00,0.43513324,-0.67470185,0.10324612
1970-01-01 00:28:01,0.35679554,-0.66003332,0.16735134
1970-01-01 00:28:02,0.22623273,-0.6453648,0.17803554
1970-01-01 00:28:03,0.18706388,-0.55735363,0.26350916
1970-01-01 00:28:04,0.20012016,-0.49867952,0.28487757
1970-01-01 00:28:05,0.30457042,-0.36666277,0.28487757
1970-01-01 00:28:06,0.35679554,-0.35199424,0.26350916
1970-01-01 00:28:07,0.34373926,-0.33732571,0.29556177
1970-01-01 00:28:08,0.26540157,-0.26398308,0.31693018
1970-01-01 00:28:09,0.33068298,-0.23464602,0.25282496
1970-01-01 00:28:10,0.29151413,-0.19064044,0.19940395
1970-01-01 00:28:11,0.1740076,-0.17597191,0.17803554
1970-01-01 00:28:12,-0.0087803496,-0.19064044,0.10324612
1970-01-01 00:28:13,-0.047949195,-0.14663485,0.071193516
1970-01-01 00:28:14,0.043444778,-0.13196633,0.028456706
1970-01-01 00:28:15,0.13483875,-0.10262927,0.071193516
1970-01-01 00:28:16,0.1740076,-0.10262927,0.049825111
1970-01-01 00:28:17,0.20012016,-0.087960743,0.060509314
1970-01-01 00:28:18,0.18706388,-0.13196633,0.049825111
1970-01-01 00:28:19,0.12178247,-0.14663485,0.049825111
1970-01-01 00:28:20,0.05650106,-0.1172978,0.028456706
1970-01-01 00:28:21,-0.0087803496,-0.14663485,-0.024964307
1970-01-01 00:28:22,0.017332214,-0.1172978,-0.07838532
1970-01-01 00:28:23,0.05650106,-0.10262927,-0.11043793
1970-01-01 00:28:24,0.069557342,-0.17597191,-0.18522735
1970-01-01 00:28:25,0.095669906,-0.17597191,-0.17454314
1970-01-01 00:28:26,0.16095132,-0.19064044,-0.17454314
1970-01-01 00:28:27,0.16095132,-0.19064044,-0.15317474
1970-01-01 00:28:28,0.18706388,-0.17597191,-0.17454314
1970-01-01 00:28:29,0.16095132,-0.20530896,-0.19591155
1970-01-01 00:28:30,0.16095132,-0.2786516,-0.20659575
1970-01-01 00:28:31,0.18706388,-0.23464602,-0.20659575
1970-01-01 00:28:32,0.21317644,-0.24931455,-0.16385894
1970-01-01 00:28:33,0.22623273,-0.24931455,-0.15317474
1970-01-01 00:28:34,0.30457042,-0.20530896,-0.19591155
1970-01-01 00:28:35,0.3176267,-0.23464602,-0.20659575
1970-01-01 00:28:36,0.39596439,-0.20530896,-0.19591155
1970-01-01 00:28:37,0.48735836,-0.26398308,-0.16385894
1970-01-01 00:28:38,0.48735836,-0.23464602,-0.12112213
1970-01-01 00:28:39,0.48735836,-0.23464602,-0.14249054
1970-01-01 00:28:40,0.77459657,-0.2786516,-0.12112213
1970-01-01 00:28:41,1.2968478,-0.2786516,-0.19591155
1970-01-01 00:28:42,1.9235494,-0.26398308,-0.14249054
1970-01-01 00:28:43,2.4980258,-0.23464602,-0.12112213
1970-01-01 00:28:44,2.9158268,-0.23464602,-0.046332712
1970-01-01 00:28:45,3.2683464,-0.20530896,-0.014280105
1970-01-01 00:28:46,3.3989092,-0.23464602,0.049825111
1970-01-01 00:28:47,3.4903032,-0.29332013,0.11393033
1970-01-01 00:28:48,3.4380781,-0.21997749,0.30624597
1970-01-01 00:28:49,3.2814027,-0.16130338,0.60540365
1970-01-01 00:28:50,3.0594459,-0.14663485,1.043456
1970-01-01 00:28:51,2.9941645,-0.24931455,1.6417713
1970-01-01 00:28:52,2.9158268,-0.21997749,2.2507709
1970-01-01 00:28:53,2.8636017,-0.19064044,2.73156
1970-01-01 00:28:54,2.9027705,-0.20530896,3.1482439
1970-01-01 00:28:55,2.9549956,-0.17597191,3.3512437
1970-01-01 00:28:56,2.7722077,-0.17597191,3.5008226
1970-01-01 00:28:57,2.5371946,-0.20530896,3.4046647
1970-01-01 00:28:58,2.3282941,-0.17597191,3.2764543
1970-01-01 00:28:59,2.3021816,-0.14663485,3.1589281
1970-01-01 00:29:00,2.602476,-0.19064044,3.1482439
1970-01-01 00:29:01,2.8897142,-0.13196633,3.2123491
1970-01-01 00:29:02,2.8505454,-0.14663485,3.4153489
1970-01-01 00:29:03,2.4196881,-0.17597191,3.4260331
1970-01-01 00:29:04,1.7015926,-0.14663485,3.4474015
1970-01-01 00:29:05,0.8921031,-0.16130338,3.3191911
1970-01-01 00:29:06,0.39596439,-0.14663485,3.1161913
1970-01-01 00:29:07,0.26540157,-0.10262927,2.9666124
1970-01-01 00:29:08,0.38290811,-0.073292216,3.1696123
1970-01-01 00:29:09,0.44818952,-0.1172978,3.3832963
1970-01-01 00:29:10,0.25234529,-0.13196633,3.4046647
1970-01-01 00:29:11,0.05650106,-0.087960743,3.1161913
1970-01-01 00:29:12,-0.12628689,-0.087960743,2.3789813
1970-01-01 00:29:13,-0.034892913,-0.087960743,1.4601399
1970-01-01 00:29:14,0.069557342,-0.13196633,0.55198263
1970-01-01 00:29:15,0.017332214,-0.058623688,-0.03564851
1970-01-01 00:29:16,-0.21768086,5.0423064e-05,-0.28138517
1970-01-01 00:29:17,-0.29601855,0.088061589,-0.29206937
1970-01-01 00:29:18,-0.25684971,0.10273012,-0.29206937
1970-01-01 00:29:19,-0.15239945,0.11739864,-0.34549039
1970-01-01 00:29:20,-0.12628689,0.11739864,-0.45233241
1970-01-01 00:29:21,-0.17851201,0.16140423,-0.51643763
1970-01-01 00:29:22,-0.23073714,0.20540981,-0.58054284
1970-01-01 00:29:23,-0.15239945,0.32275803,-0.58054284
1970-01-01 00:29:24,-0.15239945,0.33742656,-0.56985864
1970-01-01 00:29:25,-0.13934317,0.39610067,-0.52712183
1970-01-01 00:29:26,-0.11323061,0.39610067,-0.54849024
1970-01-01 00:29:27,-0.15239945,0.42543773,-0.52712183
1970-01-01 00:29:28,-0.10017432,0.38143214,-0.55917444
1970-01-01 00:29:29,-0.11323061,0.36676362,-0.55917444
1970-01-01 00:29:30,-0.12628689,0.27875245,-0.59122705
1970-01-01 00:29:31,-0.16545573,0.19074128,-0.56985864
1970-01-01 00:29:32,-0.15239945,0.17607276,-0.59122705
1970-01-01 00:29:33,-0.021836632,0.23474687,-0.60191125
1970-01-01 00:29:34,0.043444778,0.13206717,-0.62327965
1970-01-01 00:29:35,-0.061005477,0.11739864,-0.55917444
1970-01-01 00:29:36,-0.17851201,0.073393062,-0.54849024
1970-01-01 00:29:37,-0.29601855,0.058724534,-0.61259545
1970-01-01 00:29:38,-0.36129996,0.058724534,-0.61259545
1970-01-01 00:29:39,-0.32213112,0.029387478,-0.62327965
1970-01-01 00:29:40,-0.36129996,0.014718951,-0.61259545
1970-01-01 00:29:41,-0.36129996,-0.073292216,-0.62327965
1970-01-01 00:29:42,-0.21768086,-0.17597191,-0.61259545
1970-01-01 00:29:43,-0.29601855,-0.26398308,-0.64464806
1970-01-01 00:29:44,-0.36129996,-0.26398308,-0.66601646
1970-01-01 00:29:45,-0.26990599,-0.24931455,-0.67670067
1970-01-01 00:29:46,-0.23073714,-0.23464602,-0.67670067
1970-01-01 00:29:47,-0.26990599,-0.20530896,-0.66601646
1970-01-01 00:29:48,-0.37435624,-0.26398308,-0.69806907
1970-01-01 00:29:49,-0.38741253,-0.23464602,-0.74080588
1970-01-01 00:29:50,-0.45269394,-0.24931455,-0.78354269
1970-01-01 00:29:51,-0.46575022,-0.26398308,-0.76217429
1970-01-01 00:29:52,-0.34824368,-0.23464602,-0.73012168
1970-01-01 00:29:53,-0.40046881,-0.24931455,-0.73012168
1970-01-01 00:29:54,-0.58325675,-0.2786516,-0.76217429
1970-01-01 00:29:55,-0.75298842,-0.26398308,-0.78354269
1970-01-01 00:29:56,-0.75298842,-0.24931455,-0.8155953
1970-01-01 00:29:57,-0.63548188,-0.16130338,-0.83696371
1970-01-01 00:29:58,-0.59631304,-0.20530896,-0.87970052
1970-01-01 00:29:59,-0.63548188,-0.21997749,-0.89038472
1970-01-01 00:30:00,-0.79215727,-0.24931455,-0.90106892
1970-01-01 00:30:01,-0.79215727,-0.17597191,-0.91175313
1970-01-01 00:30:02,-0.70076329,-0.10262927,-0.96517414
1970-01-01 00:30:03,-0.64853816,-0.14663485,-0.94380573
1970-01-01 00:30:04,-0.64853816,-0.1172978,-0.91175313
1970-01-01 00:30:05,-0.73993214,-0.16130338,-0.97585834
1970-01-01 00:30:06,-0.83132611,-0.073292216,-0.95448994
1970-01-01 00:30:07,-0.84438239,-0.04395516,-0.98654254
1970-01-01 00:30:08,-0.75298842,0.1467357,-1.0185952
1970-01-01 00:30:09,-0.71381957,0.20540981,-1.0399636
1970-01-01 00:30:10,-0.68770701,0.42543773,-1.0506478
1970-01-01 00:30:11,-0.79215727,0.73347681,-1.0933846
1970-01-01 00:30:12,-0.89660752,1.2322068,-1.0720162
1970-01-01 00:30:13,-0.97494521,1.8629534,-1.061332
1970-01-01 00:30:14,-0.9096638,2.3910204,-1.0720162
1970-01-01 00:30:15,-0.85743867,2.7430651,-1.0827004
1970-01-01 00:30:16,-0.83132611,3.0364357,-1.0720162
1970-01-01 00:30:17,-0.83132611,3.1831209,-1.114753
1970-01-01 00:30:18,-0.75298842,3.1831209,-1.061332
1970-01-01 00:30:19,-0.63548188,3.1537839,-1.0933846
1970-01-01 00:30:20,-0.55714419,2.9924301,-1.0720162
1970-01-01 00:30:21,-0.54408791,2.8310763,-1.0720162
1970-01-01 00:30:22,-0.51797534,2.7430651,-1.0827004
1970-01-01 00:30:23,-0.38741253,2.7724022,-1.0399636
1970-01-01 00:30:24,-0.37435624,2.8897504,-1.0720162
1970-01-01 00:30:25,-0.29601855,2.9924301,-1.0185952
1970-01-01 00:30:26,-0.28296227,3.0217671,-0.93312153
1970-01-01 00:30:27,-0.16545573,2.8604133,-0.91175313
1970-01-01 00:30:28,-0.087118041,2.6697225,-0.91175313
1970-01-01 00:30:29,-0.074061759,2.6257169,-0.87970052
1970-01-01 00:30:30,0.069557342,2.8017392,-0.84764791
1970-01-01 00:30:31,0.25234529,3.0804412,-0.8155953
1970-01-01 00:30:32,0.21317644,3.1244468,-0.73012168
1970-01-01 00:30:33,0.082613624,2.7870707,-0.73012168
1970-01-01 00:30:34,-0.0087803496,2.1416555,-0.67670067
1970-01-01 00:30:35,-0.10017432,1.2468753,-0.69806907
1970-01-01 00:30:36,-0.061005477,0.55745448,-0.62327965
1970-01-01 00:30:37,0.14789503,0.17607276,-0.54849024
1970-01-01 00:30:38,0.18706388,-0.029286632,-0.48438502
1970-01-01 00:30:39,0.12178247,-0.058623688,-0.48438502
1970-01-01 00:30:40,-0.0087803496,-0.087960743,-0.44164821
1970-01-01 00:30:41,-0.11323061,-0.20530896,-0.3989114
1970-01-01 00:30:42,-0.087118041,-0.29332013,-0.37754299
1970-01-01 00:30:43,0.0042759323,-0.33732571,-0.32412198
1970-01-01 00:30:44,0.069557342,-0.36666277,-0.28138517
1970-01-01 00:30:45,0.05650106,-0.3813313,-0.26001676
1970-01-01 00:30:46,0.0042759323,-0.3813313,-0.26001676
1970-01-01 00:30:47,0.082613624,-0.33732571,-0.26001676
1970-01-01 00:30:48,0.05650106,-0.30798866,-0.29206937
1970-01-01 00:30:49,0.043444778,-0.3813313,-0.24933256
1970-01-01 00:30:50,0.017332214,-0.39599983,-0.27070097
1970-01-01 00:30:51,-0.087118041,-0.41066835,-0.27070097
1970-01-01 00:30:52,0.0042759323,-0.42533688,-0.30275358
1970-01-01 00:30:53,0.017332214,-0.44000541,-0.31343778
1970-01-01 00:30:54,0.069557342,-0.44000541,-0.26001676
1970-01-01 00:30:55,0.0042759323,-0.45467394,-0.28138517
1970-01-01 00:30:56,0.043444778,-0.45467394,-0.27070097
1970-01-01 00:30:57,0.017332214,-0.39599983,-0.28138517
1970-01-01 00:30:58,0.05650106,-0.45467394,-0.30275358
1970-01-01 00:30:59,-0.047949195,-0.46934246,-0.37754299
1970-01-01 00:31:00,-0.047949195,-0.44000541,-0.30275358
1970-01-01 00:31:01,-0.061005477,-0.44000541,-0.31343778
1970-01-01 00:31:02,-0.047949195,-0.48401099,-0.33480618
1970-01-01 00:31:03,-0.034892913,-0.52801657,-0.34549039
1970-01-01 00:31:04,0.05650106,-0.46934246,-0.35617459
1970-01-01 00:31:05,-0.0087803496,-0.46934246,-0.3989114
1970-01-01 00:31:06,-0.034892913,-0.52801657,-0.36685879
1970-01-01 00:31:07,0.05650106,-0.51334805,-0.37754299
1970-01-01 00:31:08,0.017332214,-0.5426851,-0.4095956
1970-01-01 00:31:09,0.0042759323,-0.55735363,-0.44164821
1970-01-01 00:31:10,0.043444778,-0.55735363,-0.4202798
1970-01-01 00:31:11,0.017332214,-0.57202216,-0.4095956
1970-01-01 00:31:12,-0.034892913,-0.57202216,-0.35617459
1970-01-01 00:31:13,-0.021836632,-0.61602774,-0.4202798
1970-01-01 00:31:14,0.05650106,-0.60135921,-0.4202798
1970-01-01 00:31:15,0.095669906,-0.6453648,-0.46301661
1970-01-01 00:31:16,0.14789503,-0.63069627,-0.4202798
1970-01-01 00:31:17,0.13483875,-0.63069627,-0.34549039
1970-01-01 00:31:18,0.043444778,-0.68937038,-0.33480618
1970-01-01 00:31:19,-0.061005477,-0.71870744,-0.33480618
1970-01-01 00:31:20,-0.11323061,-0.71870744,-0.35617459
1970-01-01 00:31:21,-0.10017432,-0.70403891,-0.32412198
1970-01-01 00:31:22,-0.047949195,-0.70403891,-0.36685879
1970-01-01 00:31:23,-0.074061759,-0.77738155,-0.33480618
1970-01-01 00:31:24,-0.074061759,-0.79205007,-0.32412198
1970-01-01 00:31:25,-0.10017432,-0.8067186,-0.33480618
1970-01-01 00:31:26,-0.074061759,-0.8067186,-0.35617459
1970-01-01 00:31:27,-0.047949195,-0.83605566,-0.30275358
1970-01-01 00:31:28,-0.074061759,-0.85072418,-0.30275358
1970-01-01 00:31:29,-0.074061759,-0.83605566,-0.28138517
1970-01-01 00:31:30,-0.0087803496,-0.92406682,-0.29206937
1970-01-01 00:31:31,0.017332214,-0.9093983,-0.29206937
1970-01-01 00:31:32,0.017332214,-0.9093983,-0.27070097
1970-01-01 00:31:33,0.16095132,-0.92406682,-0.30275358
1970-01-01 00:31:34,0.23928901,-0.89472977,-0.26001676
1970-01-01 00:31:35,0.18706388,-0.89472977,-0.21727995
1970-01-01 00:31:36,0.16095132,-0.95340388,-0.17454314
1970-01-01 00:31:37,0.12178247,-0.95340388,-0.13180633
1970-01-01 00:31:38,0.10872619,-0.93873535,-0.07838532
1970-01-01 00:31:39,0.13483875,-0.96807241,-0.11043793
1970-01-01 00:31:40,0.13483875,-0.96807241,-0.067701118
1970-01-01 00:31:41,0.25234529,-0.95340388,0.017772503
1970-01-01 00:31:42,0.39596439,-0.93873535,0.017772503
1970-01-01 00:31:43,0.51347093,-0.96807241,0.060509314
1970-01-01 00:31:44,0.51347093,-0.88006124,0.081877719
1970-01-01 00:31:45,0.55263977,-0.88006124,0.11393033
1970-01-01 00:31:46,0.53958349,-0.83605566,0.16735134
1970-01-01 00:31:47,0.48735836,-0.89472977,0.26350916
1970-01-01 00:31:48,0.42207695,-0.85072418,0.25282496
1970-01-01 00:31:49,0.43513324,-0.74804449,0.25282496
1970-01-01 00:31:50,0.40902067,-0.73337596,0.15666714
1970-01-01 00:31:51,0.30457042,-0.71870744,0.16735134
1970-01-01 00:31:52,0.20012016,-0.68937038,0.16735134
1970-01-01 00:31:53,0.16095132,-0.60135921,0.11393033
1970-01-01 00:31:54,0.10872619,-0.55735363,0.049825111
1970-01-01 00:31:55,0.13483875,-0.46934246,0.039140909
1970-01-01 00:31:56,0.14789503,-0.41066835,0.049825111
1970-01-01 00:31:57,0.21317644,-0.36666277,0.028456706
1970-01-01 00:31:58,0.20012016,-0.32265719,0.017772503
1970-01-01 00:31:59,0.10872619,-0.30798866,-0.0035959019
1970-01-01 00:32:00,0.043444778,-0.23464602,-0.07838532
1970-01-01 00:32:01,0.082613624,-0.23464602,-0.046332712
1970-01-01 00:32:02,0.095669906,-0.20530896,-0.057016915
1970-01-01 00:32:03,0.069557342,-0.23464602,-0.089069523
1970-01-01 00:32:04,-0.061005477,-0.20530896,-0.15317474
1970-01-01 00:32:05,-0.16545573,-0.17597191,-0.23864836
1970-01-01 00:32:06,-0.17851201,-0.14663485,-0.22796416
1970-01-01 00:32:07,-0.061005477,-0.14663485,-0.26001676
1970-01-01 00:32:08,-0.021836632,-0.20530896,-0.22796416
1970-01-01 00:32:09,0.030388496,-0.20530896,-0.23864836
1970-01-01 00:32:10,0.12178247,-0.19064044,-0.26001676
1970-01-01 00:32:11,0.043444778,-0.17597191,-0.27070097
1970-01-01 00:32:12,-0.061005477,-0.19064044,-0.23864836
1970-01-01 00:32:13,-0.061005477,-0.24931455,-0.23864836
1970-01-01 00:32:14,-0.034892913,-0.23464602,-0.20659575
1970-01-01 00:32:15,-0.021836632,-0.20530896,-0.23864836
1970-01-01 00:32:16,-0.021836632,-0.26398308,-0.26001676
1970-01-01 00:32:17,0.030388496,-0.26398308,-0.27070097
1970-01-01 00:32:18,0.05650106,-0.2786516,-0.27070097
1970-01-01 00:32:19,0.017332214,-0.2786516,-0.27070097
1970-01-01 00:32:20,-0.074061759,-0.29332013,-0.23864836
1970-01-01 00:32:21,-0.087118041,-0.29332013,-0.29206937
1970-01-01 00:32:22,-0.034892913,-0.23464602,-0.22796416
1970-01-01 00:32:23,0.017332214,-0.30798866,-0.23864836
1970-01-01 00:32:24,0.043444778,-0.36666277,-0.26001676
1970-01-01 00:32:25,0.095669906,-0.32265719,-0.18522735
1970-01-01 00:32:26,0.13483875,-0.33732571,-0.17454314
1970-01-01 00:32:27,0.16095132,-0.35199424,-0.19591155
1970-01-01 00:32:28,0.18706388,-0.32265719,-0.19591155
1970-01-01 00:32:29,0.25234529,-0.35199424,-0.11043793
1970-01-01 00:32:30,0.4612458,-0.39599983,-0.089069523
1970-01-01 00:32:31,0.748484,-0.36666277,0.0070883007
1970-01-01 00:32:32,0.98349708,-0.35199424,0.16735134
1970-01-01 00:32:33,1.4404669,-0.30798866,0.46650901
1970-01-01 00:32:34,1.9496619,-0.35199424,0.8084035
1970-01-01 00:32:35,2.5502509,-0.32265719,1.363982
1970-01-01 00:32:36,2.9811082,-0.33732571,1.9729816
1970-01-01 00:32:37,3.203065,-0.32265719,2.4217181
1970-01-01 00:32:38,3.3727967,-0.33732571,2.7742968
1970-01-01 00:32:39,3.4380781,-0.32265719,3.0200334
1970-01-01 00:32:40,3.3466841,-0.29332013,3.1589281
1970-01-01 00:32:41,3.1769524,-0.33732571,3.1696123
1970-01-01 00:32:42,2.9680519,-0.35199424,3.0414018
1970-01-01 00:32:43,2.8113765,-0.30798866,2.8811388
1970-01-01 00:32:44,2.7983203,-0.32265719,2.784981
1970-01-01 00:32:45,2.8244328,-0.2786516,2.7956652
1970-01-01 00:32:46,2.7460951,-0.2786516,2.8704546
1970-01-01 00:32:47,2.6416449,-0.24931455,2.998665
1970-01-01 00:32:48,2.6285886,-0.26398308,3.0414018
1970-01-01 00:32:49,2.4980258,-0.20530896,3.1161913
1970-01-01 00:32:50,2.3805192,-0.26398308,2.9025072
1970-01-01 00:32:51,2.4719132,-0.2786516,2.7636126
1970-01-01 00:32:52,2.7591514,-0.26398308,2.8597704
1970-01-01 00:32:53,2.9419394,-0.2786516,3.1589281
1970-01-01 00:32:54,2.7330389,-0.2786516,3.3405595
1970-01-01 00:32:55,2.1455062,-0.23464602,3.2123491
1970-01-01 00:32:56,1.3621293,-0.24931455,2.73156
1970-01-01 00:32:57,0.64403375,-0.29332013,1.9195606
1970-01-01 00:32:58,0.25234529,-0.24931455,0.94729813
1970-01-01 00:32:59,0.18706388,-0.29332013,0.22077235
1970-01-01 00:33:00,0.25234529,-0.23464602,-0.19591155
1970-01-01 00:33:01,0.21317644,-0.26398308,-0.23864836
1970-01-01 00:33:02,-0.021836632,-0.21997749,-0.29206937
1970-01-01 00:33:03,-0.1915683,-0.20530896,-0.35617459
1970-01-01 00:33:04,-0.24379342,-0.26398308,-0.46301661
1970-01-01 00:33:05,-0.34824368,-0.23464602,-0.50575343
1970-01-01 00:33:06,-0.41352509,-0.14663485,-0.48438502
1970-01-01 00:33:07,-0.46575022,-0.073292216,-0.51643763
1970-01-01 00:33:08,-0.36129996,-0.058623688,-0.51643763
1970-01-01 00:33:09,-0.32213112,-0.073292216,-0.52712183
1970-01-01 00:33:10,-0.24379342,-0.073292216,-0.53780603
1970-01-01 00:33:11,-0.23073714,-0.014618105,-0.53780603
1970-01-01 00:33:12,-0.26990599,0.044056006,-0.51643763
1970-01-01 00:33:13,-0.34824368,0.11739864,-0.59122705
1970-01-01 00:33:14,-0.40046881,0.19074128,-0.63396386
1970-01-01 00:33:15,-0.3351874,0.13206717,-0.63396386
1970-01-01 00:33:16,-0.28296227,0.23474687,-0.56985864
1970-01-01 00:33:17,-0.26990599,0.30808951,-0.53780603
1970-01-01 00:33:18,-0.3351874,0.33742656,-0.54849024
1970-01-01 00:33:19,-0.37435624,0.27875245,-0.58054284
