t,ECG 0
1970-01-01 00:00:00,1.0
1970-01-01 00:00:01,-0.70039293
1970-01-01 00:00:02,-0.70039293
1970-01-01 00:00:03,-0.70039293
1970-01-01 00:00:04,-0.70039293
1970-01-01 00:00:05,-0.74681564
1970-01-01 00:00:06,-0.70039293
1970-01-01 00:00:07,-0.63849599
1970-01-01 00:00:08,-0.6849187
1970-01-01 00:00:09,-0.66944446
1970-01-01 00:00:10,-0.7313414
1970-01-01 00:00:11,-0.66944446
1970-01-01 00:00:12,-0.7313414
1970-01-01 00:00:13,-0.74681564
1970-01-01 00:00:14,-0.7313414
1970-01-01 00:00:15,-0.7313414
1970-01-01 00:00:16,-0.76228987
1970-01-01 00:00:17,-0.7313414
1970-01-01 00:00:18,-0.76228987
1970-01-01 00:00:19,-0.76228987
1970-01-01 00:00:20,-0.76228987
1970-01-01 00:00:21,-0.79323835
1970-01-01 00:00:22,-0.901558
1970-01-01 00:00:23,-0.82418682
1970-01-01 00:00:24,-0.79323835
1970-01-01 00:00:25,-0.87060953
1970-01-01 00:00:26,-0.83966105
1970-01-01 00:00:27,-0.87060953
1970-01-01 00:00:28,-0.901558
1970-01-01 00:00:29,-0.88608376
1970-01-01 00:00:30,-0.94798071
1970-01-01 00:00:31,-0.94798071
1970-01-01 00:00:32,-0.96345494
1970-01-01 00:00:33,-0.97892918
1970-01-01 00:00:34,-0.94798071
1970-01-01 00:00:35,-0.94798071
1970-01-01 00:00:36,-0.94798071
1970-01-01 00:00:37,-0.97892918
1970-01-01 00:00:38,-1.0253519
1970-01-01 00:00:39,-1.1027231
1970-01-01 00:00:40,-0.99440341
1970-01-01 00:00:41,-1.0253519
1970-01-01 00:00:42,-0.97892918
1970-01-01 00:00:43,-1.0408261
1970-01-01 00:00:44,-0.99440341
1970-01-01 00:00:45,-0.99440341
1970-01-01 00:00:46,-0.97892918
1970-01-01 00:00:47,-0.93250647
1970-01-01 00:00:48,-0.88608376
1970-01-01 00:00:49,-0.91703223
1970-01-01 00:00:50,-0.901558
1970-01-01 00:00:51,-0.88608376
1970-01-01 00:00:52,-0.74681564
1970-01-01 00:00:53,-0.76228987
1970-01-01 00:00:54,-0.74681564
1970-01-01 00:00:55,-0.71586717
1970-01-01 00:00:56,-0.76228987
1970-01-01 00:00:57,-0.63849599
1970-01-01 00:00:58,-0.63849599
1970-01-01 00:00:59,-0.6849187
1970-01-01 00:01:00,-0.60754752
1970-01-01 00:01:01,-0.56112481
1970-01-01 00:01:02,-0.60754752
1970-01-01 00:01:03,-0.65397022
1970-01-01 00:01:04,-0.60754752
1970-01-01 00:01:05,-0.53017634
1970-01-01 00:01:06,-0.56112481
1970-01-01 00:01:07,-0.63849599
1970-01-01 00:01:08,-0.57659904
1970-01-01 00:01:09,-0.57659904
1970-01-01 00:01:10,-0.54565057
1970-01-01 00:01:11,-0.56112481
1970-01-01 00:01:12,-0.60754752
1970-01-01 00:01:13,-0.62302175
1970-01-01 00:01:14,-0.63849599
1970-01-01 00:01:15,-0.62302175
1970-01-01 00:01:16,-0.63849599
1970-01-01 00:01:17,-0.66944446
1970-01-01 00:01:18,-0.70039293
1970-01-01 00:01:19,-0.7313414
1970-01-01 00:01:20,-0.66944446
1970-01-01 00:01:21,-0.63849599
1970-01-01 00:01:22,-0.6849187
1970-01-01 00:01:23,-0.71586717
1970-01-01 00:01:24,-0.6849187
1970-01-01 00:01:25,-0.74681564
1970-01-01 00:01:26,-0.70039293
1970-01-01 00:01:27,-0.70039293
1970-01-01 00:01:28,-0.71586717
1970-01-01 00:01:29,-0.74681564
1970-01-01 00:01:30,-0.66944446
1970-01-01 00:01:31,-0.71586717
1970-01-01 00:01:32,-0.74681564
1970-01-01 00:01:33,-0.71586717
1970-01-01 00:01:34,-0.7313414
1970-01-01 00:01:35,-0.74681564
1970-01-01 00:01:36,-0.80871258
1970-01-01 00:01:37,-0.76228987
1970-01-01 00:01:38,-0.66944446
1970-01-01 00:01:39,-0.7313414
1970-01-01 00:01:40,-0.71586717
1970-01-01 00:01:41,-0.66944446
1970-01-01 00:01:42,-0.7313414
1970-01-01 00:01:43,-0.74681564
1970-01-01 00:01:44,-0.71586717
1970-01-01 00:01:45,-0.7313414
1970-01-01 00:01:46,-0.71586717
1970-01-01 00:01:47,-0.76228987
1970-01-01 00:01:48,-0.6849187
1970-01-01 00:01:49,-0.7313414
1970-01-01 00:01:50,-0.6849187
1970-01-01 00:01:51,-0.65397022
1970-01-01 00:01:52,-0.6849187
1970-01-01 00:01:53,-0.65397022
1970-01-01 00:01:54,-0.6849187
1970-01-01 00:01:55,-0.6849187
1970-01-01 00:01:56,-0.6849187
1970-01-01 00:01:57,-0.66944446
1970-01-01 00:01:58,-0.66944446
1970-01-01 00:01:59,-0.59207328
1970-01-01 00:02:00,-0.59207328
1970-01-01 00:02:01,-0.48375363
1970-01-01 00:02:02,-0.45280516
1970-01-01 00:02:03,-0.39090821
1970-01-01 00:02:04,-0.34448551
1970-01-01 00:02:05,-0.2980628
1970-01-01 00:02:06,-0.28258856
1970-01-01 00:02:07,-0.20521738
1970-01-01 00:02:08,-0.1278462
1970-01-01 00:02:09,-0.17426891
1970-01-01 00:02:10,-0.25164009
1970-01-01 00:02:11,-0.18974315
1970-01-01 00:02:12,-0.26711433
1970-01-01 00:02:13,-0.32901127
1970-01-01 00:02:14,-0.43733092
1970-01-01 00:02:15,-0.45280516
1970-01-01 00:02:16,-0.5147021
1970-01-01 00:02:17,-0.54565057
1970-01-01 00:02:18,-0.56112481
1970-01-01 00:02:19,-0.54565057
1970-01-01 00:02:20,-0.60754752
1970-01-01 00:02:21,-0.56112481
1970-01-01 00:02:22,-0.71586717
1970-01-01 00:02:23,-0.77776411
1970-01-01 00:02:24,-0.80871258
1970-01-01 00:02:25,-0.85513529
1970-01-01 00:02:26,-0.94798071
1970-01-01 00:02:27,-0.93250647
1970-01-01 00:02:28,-0.94798071
1970-01-01 00:02:29,-0.96345494
1970-01-01 00:02:30,-0.99440341
1970-01-01 00:02:31,-0.91703223
1970-01-01 00:02:32,-0.97892918
1970-01-01 00:02:33,-1.0253519
1970-01-01 00:02:34,-1.0408261
1970-01-01 00:02:35,-0.99440341
1970-01-01 00:02:36,-0.96345494
1970-01-01 00:02:37,-0.96345494
1970-01-01 00:02:38,-0.94798071
1970-01-01 00:02:39,-1.0253519
1970-01-01 00:02:40,-1.0408261
1970-01-01 00:02:41,-1.0408261
1970-01-01 00:02:42,-0.94798071
1970-01-01 00:02:43,-0.99440341
1970-01-01 00:02:44,-1.0098776
1970-01-01 00:02:45,-0.99440341
1970-01-01 00:02:46,-0.96345494
1970-01-01 00:02:47,-0.91703223
1970-01-01 00:02:48,-0.7313414
1970-01-01 00:02:49,-0.56112481
1970-01-01 00:02:50,-0.34448551
1970-01-01 00:02:51,-0.019526551
1970-01-01 00:02:52,0.38280358
1970-01-01 00:02:53,0.75418524
1970-01-01 00:02:54,1.001773
1970-01-01 00:02:55,1.1719896
1970-01-01 00:02:56,1.2184123
1970-01-01 00:02:57,1.2493608
1970-01-01 00:02:58,1.2493608
1970-01-01 00:02:59,1.2184123
1970-01-01 00:03:00,1.1100927
1970-01-01 00:03:01,1.0327215
1970-01-01 00:03:02,1.0481957
1970-01-01 00:03:03,1.1565154
1970-01-01 00:03:04,1.264835
1970-01-01 00:03:05,1.2338866
1970-01-01 00:03:06,1.001773
1970-01-01 00:03:07,0.46017476
1970-01-01 00:03:08,-0.035000787
1970-01-01 00:03:09,-0.34448551
1970-01-01 00:03:10,-0.28258856
1970-01-01 00:03:11,0.22806122
1970-01-01 00:03:12,0.6922883
1970-01-01 00:03:13,0.86250489
1970-01-01 00:03:14,0.67681406
1970-01-01 00:03:15,0.27448393
1970-01-01 00:03:16,-0.31353703
1970-01-01 00:03:17,-0.76228987
1970-01-01 00:03:18,-0.94798071
1970-01-01 00:03:19,-0.901558
1970-01-01 00:03:20,-0.87060953
1970-01-01 00:03:21,-0.83966105
1970-01-01 00:03:22,-0.901558
1970-01-01 00:03:23,-0.99440341
1970-01-01 00:03:24,-1.0253519
1970-01-01 00:03:25,-1.0717746
1970-01-01 00:03:26,-1.0563004
1970-01-01 00:03:27,-1.1181973
1970-01-01 00:03:28,-1.1027231
1970-01-01 00:03:29,-1.0253519
1970-01-01 00:03:30,-1.0098776
1970-01-01 00:03:31,-1.0872488
1970-01-01 00:03:32,-1.0717746
1970-01-01 00:03:33,-1.1027231
1970-01-01 00:03:34,-1.0563004
1970-01-01 00:03:35,-1.0253519
1970-01-01 00:03:36,-1.0563004
1970-01-01 00:03:37,-1.1027231
1970-01-01 00:03:38,-1.0408261
1970-01-01 00:03:39,-0.97892918
1970-01-01 00:03:40,-0.99440341
1970-01-01 00:03:41,-1.0098776
1970-01-01 00:03:42,-1.0408261
1970-01-01 00:03:43,-1.0717746
1970-01-01 00:03:44,-1.0717746
1970-01-01 00:03:45,-1.0408261
1970-01-01 00:03:46,-1.0563004
1970-01-01 00:03:47,-1.0717746
1970-01-01 00:03:48,-1.1491458
1970-01-01 00:03:49,-1.1336715
1970-01-01 00:03:50,-1.1181973
1970-01-01 00:03:51,-1.1027231
1970-01-01 00:03:52,-1.1336715
1970-01-01 00:03:53,-1.1181973
1970-01-01 00:03:54,-1.1491458
1970-01-01 00:03:55,-1.1336715
1970-01-01 00:03:56,-1.0872488
1970-01-01 00:03:57,-1.1491458
1970-01-01 00:03:58,-1.1491458
1970-01-01 00:03:59,-1.1491458
1970-01-01 00:04:00,-1.2110427
1970-01-01 00:04:01,-1.226517
1970-01-01 00:04:02,-1.2110427
1970-01-01 00:04:03,-1.1955685
1970-01-01 00:04:04,-1.2419912
1970-01-01 00:04:05,-1.2884139
1970-01-01 00:04:06,-1.3193624
1970-01-01 00:04:07,-1.3193624
1970-01-01 00:04:08,-1.3348366
1970-01-01 00:04:09,-1.2884139
1970-01-01 00:04:10,-1.2729397
1970-01-01 00:04:11,-1.3038881
1970-01-01 00:04:12,-1.3503108
1970-01-01 00:04:13,-1.2884139
1970-01-01 00:04:14,-1.2574654
1970-01-01 00:04:15,-1.2884139
1970-01-01 00:04:16,-1.3193624
1970-01-01 00:04:17,-1.3503108
1970-01-01 00:04:18,-1.2884139
1970-01-01 00:04:19,-1.3193624
1970-01-01 00:04:20,-1.3038881
1970-01-01 00:04:21,-1.3193624
1970-01-01 00:04:22,-1.2729397
1970-01-01 00:04:23,-1.2574654
1970-01-01 00:04:24,-1.2574654
1970-01-01 00:04:25,-1.2110427
1970-01-01 00:04:26,-1.1491458
1970-01-01 00:04:27,-1.1027231
1970-01-01 00:04:28,-1.0872488
1970-01-01 00:04:29,-1.1181973
1970-01-01 00:04:30,-1.0872488
1970-01-01 00:04:31,-1.0098776
1970-01-01 00:04:32,-0.94798071
1970-01-01 00:04:33,-0.97892918
1970-01-01 00:04:34,-0.93250647
1970-01-01 00:04:35,-0.901558
1970-01-01 00:04:36,-0.87060953
1970-01-01 00:04:37,-0.901558
1970-01-01 00:04:38,-0.85513529
1970-01-01 00:04:39,-0.80871258
1970-01-01 00:04:40,-0.80871258
1970-01-01 00:04:41,-0.80871258
1970-01-01 00:04:42,-0.82418682
1970-01-01 00:04:43,-0.82418682
1970-01-01 00:04:44,-0.82418682
1970-01-01 00:04:45,-0.901558
1970-01-01 00:04:46,-0.87060953
1970-01-01 00:04:47,-0.85513529
1970-01-01 00:04:48,-0.79323835
1970-01-01 00:04:49,-0.77776411
1970-01-01 00:04:50,-0.76228987
1970-01-01 00:04:51,-0.76228987
1970-01-01 00:04:52,-0.80871258
1970-01-01 00:04:53,-0.91703223
1970-01-01 00:04:54,-0.80871258
1970-01-01 00:04:55,-0.85513529
1970-01-01 00:04:56,-0.76228987
1970-01-01 00:04:57,-0.83966105
1970-01-01 00:04:58,-0.80871258
1970-01-01 00:04:59,-0.76228987
1970-01-01 00:05:00,-0.901558
1970-01-01 00:05:01,-0.87060953
1970-01-01 00:05:02,-0.91703223
1970-01-01 00:05:03,-0.901558
1970-01-01 00:05:04,-0.85513529
1970-01-01 00:05:05,-0.79323835
1970-01-01 00:05:06,-0.77776411
1970-01-01 00:05:07,-0.79323835
1970-01-01 00:05:08,-0.83966105
1970-01-01 00:05:09,-0.80871258
1970-01-01 00:05:10,-0.77776411
1970-01-01 00:05:11,-0.76228987
1970-01-01 00:05:12,-0.82418682
1970-01-01 00:05:13,-0.79323835
1970-01-01 00:05:14,-0.7313414
1970-01-01 00:05:15,-0.63849599
1970-01-01 00:05:16,-0.6849187
1970-01-01 00:05:17,-0.76228987
1970-01-01 00:05:18,-0.83966105
1970-01-01 00:05:19,-0.94798071
1970-01-01 00:05:20,-0.99440341
1970-01-01 00:05:21,-1.0872488
1970-01-01 00:05:22,-1.1027231
1970-01-01 00:05:23,-1.2419912
1970-01-01 00:05:24,-1.5360017
1970-01-01 00:05:25,-1.7371667
1970-01-01 00:05:26,-1.8145379
1970-01-01 00:05:27,-1.427682
1970-01-01 00:05:28,-0.87060953
1970-01-01 00:05:29,-0.57659904
1970-01-01 00:05:30,-0.85513529
1970-01-01 00:05:31,-0.82418682
1970-01-01 00:05:32,-0.5147021
1970-01-01 00:05:33,-0.019526551
1970-01-01 00:05:34,-0.050475023
1970-01-01 00:05:35,-0.11237197
1970-01-01 00:05:36,-0.081423495
1970-01-01 00:05:37,0.21258699
1970-01-01 00:05:38,0.475649
1970-01-01 00:05:39,0.58396865
1970-01-01 00:05:40,0.49112323
1970-01-01 00:05:41,0.35185511
1970-01-01 00:05:42,0.28995817
1970-01-01 00:05:43,0.16616428
1970-01-01 00:05:44,-0.065949259
1970-01-01 00:05:45,-0.56112481
1970-01-01 00:05:46,-0.85513529
1970-01-01 00:05:47,-0.76228987
1970-01-01 00:05:48,-0.60754752
1970-01-01 00:05:49,-0.60754752
1970-01-01 00:05:50,-0.80871258
1970-01-01 00:05:51,-0.99440341
1970-01-01 00:05:52,-1.0563004
1970-01-01 00:05:53,-1.0872488
1970-01-01 00:05:54,-0.96345494
1970-01-01 00:05:55,-0.57659904
1970-01-01 00:05:56,-0.17426891
1970-01-01 00:05:57,-0.20521738
1970-01-01 00:05:58,-0.45280516
1970-01-01 00:05:59,-0.88608376
1970-01-01 00:06:00,-1.1955685
1970-01-01 00:06:01,-1.5824244
1970-01-01 00:06:02,-1.8145379
1970-01-01 00:06:03,-1.4431563
1970-01-01 00:06:04,-0.83966105
1970-01-01 00:06:05,-0.43733092
1970-01-01 00:06:06,-0.70039293
1970-01-01 00:06:07,-1.1491458
1970-01-01 00:06:08,-1.3812593
1970-01-01 00:06:09,-1.4122078
1970-01-01 00:06:10,-1.3657851
1970-01-01 00:06:11,-1.0872488
1970-01-01 00:06:12,-0.74681564
1970-01-01 00:06:13,-0.70039293
1970-01-01 00:06:14,-0.82418682
1970-01-01 00:06:15,-0.94798071
1970-01-01 00:06:16,-0.82418682
1970-01-01 00:06:17,-0.57659904
1970-01-01 00:06:18,-0.43733092
1970-01-01 00:06:19,-0.59207328
1970-01-01 00:06:20,-0.74681564
1970-01-01 00:06:21,-0.6849187
1970-01-01 00:06:22,-0.49922786
1970-01-01 00:06:23,-0.26711433
1970-01-01 00:06:24,-0.050475023
1970-01-01 00:06:25,0.50659747
1970-01-01 00:06:26,1.06367
1970-01-01 00:06:27,1.4505259
1970-01-01 00:06:28,1.7445363
1970-01-01 00:06:29,2.0075984
1970-01-01 00:06:30,2.3325573
1970-01-01 00:06:31,2.4254027
1970-01-01 00:06:32,2.2551861
1970-01-01 00:06:33,2.1778149
1970-01-01 00:06:34,2.1778149
1970-01-01 00:06:35,2.2861346
1970-01-01 00:06:36,2.3635058
1970-01-01 00:06:37,2.3944542
1970-01-01 00:06:38,2.4718254
1970-01-01 00:06:39,2.3480315
1970-01-01 00:06:40,2.1004438
1970-01-01 00:06:41,1.6826394
1970-01-01 00:06:42,1.264835
1970-01-01 00:06:43,1.1874638
1970-01-01 00:06:44,1.3886289
1970-01-01 00:06:45,1.8064333
1970-01-01 00:06:46,1.9766499
1970-01-01 00:06:47,1.7290621
1970-01-01 00:06:48,1.1100927
1970-01-01 00:06:49,0.3054324
1970-01-01 00:06:50,-0.31353703
1970-01-01 00:06:51,-0.56112481
1970-01-01 00:06:52,-0.57659904
1970-01-01 00:06:53,-0.63849599
1970-01-01 00:06:54,-0.66944446
1970-01-01 00:06:55,-0.74681564
1970-01-01 00:06:56,-0.77776411
1970-01-01 00:06:57,-0.80871258
1970-01-01 00:06:58,-0.88608376
1970-01-01 00:06:59,-0.85513529
1970-01-01 00:07:00,-0.85513529
1970-01-01 00:07:01,-0.88608376
1970-01-01 00:07:02,-0.87060953
1970-01-01 00:07:03,-0.901558
1970-01-01 00:07:04,-0.85513529
1970-01-01 00:07:05,-0.79323835
1970-01-01 00:07:06,-0.85513529
1970-01-01 00:07:07,-0.82418682
1970-01-01 00:07:08,-0.80871258
1970-01-01 00:07:09,-0.83966105
1970-01-01 00:07:10,-0.88608376
1970-01-01 00:07:11,-0.85513529
1970-01-01 00:07:12,-0.80871258
1970-01-01 00:07:13,-0.83966105
1970-01-01 00:07:14,-0.82418682
1970-01-01 00:07:15,-0.83966105
1970-01-01 00:07:16,-0.88608376
1970-01-01 00:07:17,-0.83966105
1970-01-01 00:07:18,-0.87060953
1970-01-01 00:07:19,-0.83966105
1970-01-01 00:07:20,-0.77776411
1970-01-01 00:07:21,-0.82418682
1970-01-01 00:07:22,-0.76228987
1970-01-01 00:07:23,-0.74681564
1970-01-01 00:07:24,-0.82418682
1970-01-01 00:07:25,-0.88608376
1970-01-01 00:07:26,-0.83966105
1970-01-01 00:07:27,-0.87060953
1970-01-01 00:07:28,-0.82418682
1970-01-01 00:07:29,-0.901558
1970-01-01 00:07:30,-0.80871258
1970-01-01 00:07:31,-0.83966105
1970-01-01 00:07:32,-0.91703223
1970-01-01 00:07:33,-0.91703223
1970-01-01 00:07:34,-0.93250647
1970-01-01 00:07:35,-0.94798071
1970-01-01 00:07:36,-0.901558
1970-01-01 00:07:37,-0.93250647
1970-01-01 00:07:38,-1.0253519
1970-01-01 00:07:39,-0.97892918
1970-01-01 00:07:40,-1.0253519
1970-01-01 00:07:41,-0.94798071
1970-01-01 00:07:42,-0.94798071
1970-01-01 00:07:43,-0.99440341
1970-01-01 00:07:44,-1.0253519
1970-01-01 00:07:45,-1.0253519
1970-01-01 00:07:46,-0.97892918
1970-01-01 00:07:47,-0.94798071
1970-01-01 00:07:48,-0.97892918
1970-01-01 00:07:49,-0.99440341
1970-01-01 00:07:50,-1.0563004
1970-01-01 00:07:51,-1.0408261
1970-01-01 00:07:52,-0.97892918
1970-01-01 00:07:53,-0.99440341
1970-01-01 00:07:54,-1.0253519
1970-01-01 00:07:55,-0.91703223
1970-01-01 00:07:56,-0.96345494
1970-01-01 00:07:57,-1.0098776
1970-01-01 00:07:58,-0.91703223
1970-01-01 00:07:59,-0.83966105
1970-01-01 00:08:00,-0.77776411
1970-01-01 00:08:01,-0.82418682
1970-01-01 00:08:02,-0.7313414
1970-01-01 00:08:03,-0.74681564
1970-01-01 00:08:04,-0.71586717
1970-01-01 00:08:05,-0.65397022
1970-01-01 00:08:06,-0.62302175
1970-01-01 00:08:07,-0.56112481
1970-01-01 00:08:08,-0.59207328
1970-01-01 00:08:09,-0.56112481
1970-01-01 00:08:10,-0.54565057
1970-01-01 00:08:11,-0.5147021
1970-01-01 00:08:12,-0.5147021
1970-01-01 00:08:13,-0.5147021
1970-01-01 00:08:14,-0.49922786
1970-01-01 00:08:15,-0.45280516
1970-01-01 00:08:16,-0.49922786
1970-01-01 00:08:17,-0.5147021
1970-01-01 00:08:18,-0.48375363
1970-01-01 00:08:19,-0.57659904
1970-01-01 00:08:20,-0.54565057
1970-01-01 00:08:21,-0.57659904
1970-01-01 00:08:22,-0.56112481
1970-01-01 00:08:23,-0.56112481
1970-01-01 00:08:24,-0.53017634
1970-01-01 00:08:25,-0.53017634
1970-01-01 00:08:26,-0.56112481
1970-01-01 00:08:27,-0.59207328
1970-01-01 00:08:28,-0.57659904
1970-01-01 00:08:29,-0.56112481
1970-01-01 00:08:30,-0.57659904
1970-01-01 00:08:31,-0.53017634
1970-01-01 00:08:32,-0.56112481
1970-01-01 00:08:33,-0.5147021
1970-01-01 00:08:34,-0.49922786
1970-01-01 00:08:35,-0.53017634
1970-01-01 00:08:36,-0.53017634
1970-01-01 00:08:37,-0.56112481
1970-01-01 00:08:38,-0.53017634
1970-01-01 00:08:39,-0.54565057
1970-01-01 00:08:40,-0.53017634
1970-01-01 00:08:41,-0.60754752
1970-01-01 00:08:42,-0.57659904
1970-01-01 00:08:43,-0.56112481
1970-01-01 00:08:44,-0.49922786
1970-01-01 00:08:45,-0.49922786
1970-01-01 00:08:46,-0.49922786
1970-01-01 00:08:47,-0.48375363
1970-01-01 00:08:48,-0.5147021
1970-01-01 00:08:49,-0.49922786
1970-01-01 00:08:50,-0.48375363
1970-01-01 00:08:51,-0.39090821
1970-01-01 00:08:52,-0.49922786
1970-01-01 00:08:53,-0.45280516
1970-01-01 00:08:54,-0.40638245
1970-01-01 00:08:55,-0.45280516
1970-01-01 00:08:56,-0.42185668
1970-01-01 00:08:57,-0.46827939
1970-01-01 00:08:58,-0.43733092
1970-01-01 00:08:59,-0.46827939
1970-01-01 00:09:00,-0.45280516
1970-01-01 00:09:01,-0.42185668
1970-01-01 00:09:02,-0.43733092
1970-01-01 00:09:03,-0.37543398
1970-01-01 00:09:04,-0.37543398
1970-01-01 00:09:05,-0.42185668
1970-01-01 00:09:06,-0.31353703
1970-01-01 00:09:07,-0.31353703
1970-01-01 00:09:08,-0.23616585
1970-01-01 00:09:09,-0.20521738
1970-01-01 00:09:10,-0.11237197
1970-01-01 00:09:11,-0.1278462
1970-01-01 00:09:12,-0.11237197
1970-01-01 00:09:13,-0.035000787
1970-01-01 00:09:14,0.0887931
1970-01-01 00:09:15,0.13521581
1970-01-01 00:09:16,0.19711275
1970-01-01 00:09:17,0.22806122
1970-01-01 00:09:18,0.3054324
1970-01-01 00:09:19,0.33638087
1970-01-01 00:09:20,0.35185511
1970-01-01 00:09:21,0.32090664
1970-01-01 00:09:22,0.22806122
1970-01-01 00:09:23,0.21258699
1970-01-01 00:09:24,0.11974157
1970-01-01 00:09:25,0.026896156
1970-01-01 00:09:26,-0.0040523155
1970-01-01 00:09:27,-0.0040523155
1970-01-01 00:09:28,-0.081423495
1970-01-01 00:09:29,-0.081423495
1970-01-01 00:09:30,-0.11237197
1970-01-01 00:09:31,-0.11237197
1970-01-01 00:09:32,-0.15879467
1970-01-01 00:09:33,-0.23616585
1970-01-01 00:09:34,-0.2980628
1970-01-01 00:09:35,-0.35995974
1970-01-01 00:09:36,-0.42185668
1970-01-01 00:09:37,-0.48375363
1970-01-01 00:09:38,-0.40638245
1970-01-01 00:09:39,-0.46827939
1970-01-01 00:09:40,-0.45280516
1970-01-01 00:09:41,-0.42185668
1970-01-01 00:09:42,-0.42185668
1970-01-01 00:09:43,-0.37543398
1970-01-01 00:09:44,-0.37543398
1970-01-01 00:09:45,-0.40638245
1970-01-01 00:09:46,-0.42185668
1970-01-01 00:09:47,-0.43733092
1970-01-01 00:09:48,-0.39090821
1970-01-01 00:09:49,-0.40638245
1970-01-01 00:09:50,-0.39090821
1970-01-01 00:09:51,-0.42185668
1970-01-01 00:09:52,-0.43733092
1970-01-01 00:09:53,-0.39090821
1970-01-01 00:09:54,-0.32901127
1970-01-01 00:09:55,-0.32901127
1970-01-01 00:09:56,-0.31353703
1970-01-01 00:09:57,-0.2980628
1970-01-01 00:09:58,-0.14332044
1970-01-01 00:09:59,0.13521581
1970-01-01 00:10:00,0.52207171
1970-01-01 00:10:01,0.93987607
1970-01-01 00:10:02,1.326732
1970-01-01 00:10:03,1.527897
1970-01-01 00:10:04,1.6052682
1970-01-01 00:10:05,1.4969486
1970-01-01 00:10:06,1.3731547
1970-01-01 00:10:07,1.2029381
1970-01-01 00:10:08,0.97082455
1970-01-01 00:10:09,0.84703066
1970-01-01 00:10:10,0.75418524
1970-01-01 00:10:11,0.87797913
1970-01-01 00:10:12,0.93987607
1970-01-01 00:10:13,1.0172473
1970-01-01 00:10:14,1.1255669
1970-01-01 00:10:15,1.1719896
1970-01-01 00:10:16,1.001773
1970-01-01 00:10:17,0.75418524
1970-01-01 00:10:18,0.42922629
1970-01-01 00:10:19,0.41375205
1970-01-01 00:10:20,0.72323677
1970-01-01 00:10:21,1.2184123
1970-01-01 00:10:22,1.589794
1970-01-01 00:10:23,1.5124228
1970-01-01 00:10:24,1.06367
1970-01-01 00:10:25,0.42922629
1970-01-01 00:10:26,0.057844628
1970-01-01 00:10:27,-0.1278462
1970-01-01 00:10:28,-0.050475023
1970-01-01 00:10:29,0.026896156
1970-01-01 00:10:30,0.01142192
1970-01-01 00:10:31,-0.18974315
1970-01-01 00:10:32,-0.32901127
1970-01-01 00:10:33,-0.34448551
1970-01-01 00:10:34,-0.2980628
1970-01-01 00:10:35,-0.28258856
1970-01-01 00:10:36,-0.37543398
1970-01-01 00:10:37,-0.32901127
1970-01-01 00:10:38,-0.32901127
1970-01-01 00:10:39,-0.34448551
1970-01-01 00:10:40,-0.2980628
1970-01-01 00:10:41,-0.2980628
1970-01-01 00:10:42,-0.26711433
1970-01-01 00:10:43,-0.2980628
1970-01-01 00:10:44,-0.31353703
1970-01-01 00:10:45,-0.23616585
1970-01-01 00:10:46,-0.23616585
1970-01-01 00:10:47,-0.28258856
1970-01-01 00:10:48,-0.26711433
1970-01-01 00:10:49,-0.2980628
1970-01-01 00:10:50,-0.2980628
1970-01-01 00:10:51,-0.23616585
1970-01-01 00:10:52,-0.17426891
1970-01-01 00:10:53,-0.18974315
1970-01-01 00:10:54,-0.22069162
1970-01-01 00:10:55,-0.25164009
1970-01-01 00:10:56,-0.25164009
1970-01-01 00:10:57,-0.15879467
1970-01-01 00:10:58,-0.26711433
1970-01-01 00:10:59,-0.20521738
1970-01-01 00:11:00,-0.25164009
1970-01-01 00:11:01,-0.31353703
1970-01-01 00:11:02,-0.20521738
1970-01-01 00:11:03,-0.25164009
1970-01-01 00:11:04,-0.31353703
1970-01-01 00:11:05,-0.26711433
1970-01-01 00:11:06,-0.2980628
1970-01-01 00:11:07,-0.28258856
1970-01-01 00:11:08,-0.25164009
1970-01-01 00:11:09,-0.25164009
1970-01-01 00:11:10,-0.26711433
1970-01-01 00:11:11,-0.34448551
1970-01-01 00:11:12,-0.2980628
1970-01-01 00:11:13,-0.25164009
1970-01-01 00:11:14,-0.25164009
1970-01-01 00:11:15,-0.18974315
1970-01-01 00:11:16,-0.26711433
1970-01-01 00:11:17,-0.2980628
1970-01-01 00:11:18,-0.2980628
1970-01-01 00:11:19,-0.2980628
1970-01-01 00:11:20,-0.2980628
1970-01-01 00:11:21,-0.28258856
1970-01-01 00:11:22,-0.28258856
1970-01-01 00:11:23,-0.31353703
1970-01-01 00:11:24,-0.35995974
1970-01-01 00:11:25,-0.26711433
1970-01-01 00:11:26,-0.28258856
1970-01-01 00:11:27,-0.23616585
1970-01-01 00:11:28,-0.25164009
1970-01-01 00:11:29,-0.26711433
1970-01-01 00:11:30,-0.26711433
1970-01-01 00:11:31,-0.26711433
1970-01-01 00:11:32,-0.20521738
1970-01-01 00:11:33,-0.17426891
1970-01-01 00:11:34,-0.1278462
1970-01-01 00:11:35,-0.096897731
1970-01-01 00:11:36,-0.081423495
1970-01-01 00:11:37,-0.065949259
1970-01-01 00:11:38,0.026896156
1970-01-01 00:11:39,-0.0040523155
1970-01-01 00:11:40,0.042370392
1970-01-01 00:11:41,0.01142192
1970-01-01 00:11:42,0.042370392
1970-01-01 00:11:43,0.11974157
1970-01-01 00:11:44,0.16616428
1970-01-01 00:11:45,0.13521581
1970-01-01 00:11:46,0.16616428
1970-01-01 00:11:47,0.10426734
1970-01-01 00:11:48,0.13521581
1970-01-01 00:11:49,0.21258699
1970-01-01 00:11:50,0.15069004
1970-01-01 00:11:51,0.13521581
1970-01-01 00:11:52,0.13521581
1970-01-01 00:11:53,0.13521581
1970-01-01 00:11:54,0.11974157
1970-01-01 00:11:55,0.19711275
1970-01-01 00:11:56,0.16616428
1970-01-01 00:11:57,0.15069004
1970-01-01 00:11:58,0.10426734
1970-01-01 00:11:59,0.11974157
1970-01-01 00:12:00,0.15069004
1970-01-01 00:12:01,0.10426734
1970-01-01 00:12:02,0.18163852
1970-01-01 00:12:03,0.057844628
1970-01-01 00:12:04,0.10426734
1970-01-01 00:12:05,0.11974157
1970-01-01 00:12:06,0.10426734
1970-01-01 00:12:07,0.13521581
1970-01-01 00:12:08,0.10426734
1970-01-01 00:12:09,0.057844628
1970-01-01 00:12:10,0.057844628
1970-01-01 00:12:11,0.042370392
1970-01-01 00:12:12,0.073318864
1970-01-01 00:12:13,0.10426734
1970-01-01 00:12:14,0.0887931
1970-01-01 00:12:15,0.11974157
1970-01-01 00:12:16,0.16616428
1970-01-01 00:12:17,0.15069004
1970-01-01 00:12:18,0.13521581
1970-01-01 00:12:19,0.19711275
1970-01-01 00:12:20,0.15069004
1970-01-01 00:12:21,0.15069004
1970-01-01 00:12:22,0.18163852
1970-01-01 00:12:23,0.24353546
1970-01-01 00:12:24,0.24353546
1970-01-01 00:12:25,0.19711275
1970-01-01 00:12:26,0.22806122
1970-01-01 00:12:27,0.22806122
1970-01-01 00:12:28,0.27448393
1970-01-01 00:12:29,0.3054324
1970-01-01 00:12:30,0.33638087
1970-01-01 00:12:31,0.25900969
1970-01-01 00:12:32,0.25900969
1970-01-01 00:12:33,0.33638087
1970-01-01 00:12:34,0.33638087
1970-01-01 00:12:35,0.35185511
1970-01-01 00:12:36,0.41375205
1970-01-01 00:12:37,0.44470053
1970-01-01 00:12:38,0.39827782
1970-01-01 00:12:39,0.49112323
1970-01-01 00:12:40,0.53754594
1970-01-01 00:12:41,0.61491712
1970-01-01 00:12:42,0.67681406
1970-01-01 00:12:43,0.73871101
1970-01-01 00:12:44,0.72323677
1970-01-01 00:12:45,0.83155642
1970-01-01 00:12:46,0.86250489
1970-01-01 00:12:47,0.93987607
1970-01-01 00:12:48,1.0327215
1970-01-01 00:12:49,1.0946184
1970-01-01 00:12:50,1.2338866
1970-01-01 00:12:51,1.2493608
1970-01-01 00:12:52,1.2184123
1970-01-01 00:12:53,1.1410411
1970-01-01 00:12:54,1.0946184
1970-01-01 00:12:55,0.97082455
1970-01-01 00:12:56,0.98629878
1970-01-01 00:12:57,0.97082455
1970-01-01 00:12:58,0.9089276
1970-01-01 00:12:59,0.89345337
1970-01-01 00:13:00,0.86250489
1970-01-01 00:13:01,0.86250489
1970-01-01 00:13:02,0.80060795
1970-01-01 00:13:03,0.83155642
1970-01-01 00:13:04,0.78513372
1970-01-01 00:13:05,0.64586559
1970-01-01 00:13:06,0.58396865
1970-01-01 00:13:07,0.55302018
1970-01-01 00:13:08,0.55302018
1970-01-01 00:13:09,0.56849441
1970-01-01 00:13:10,0.55302018
1970-01-01 00:13:11,0.55302018
1970-01-01 00:13:12,0.58396865
1970-01-01 00:13:13,0.58396865
1970-01-01 00:13:14,0.56849441
1970-01-01 00:13:15,0.66133983
1970-01-01 00:13:16,0.58396865
1970-01-01 00:13:17,0.58396865
1970-01-01 00:13:18,0.56849441
1970-01-01 00:13:19,0.61491712
1970-01-01 00:13:20,0.63039136
1970-01-01 00:13:21,0.67681406
1970-01-01 00:13:22,0.64586559
1970-01-01 00:13:23,0.61491712
1970-01-01 00:13:24,0.73871101
1970-01-01 00:13:25,0.66133983
1970-01-01 00:13:26,0.76965948
1970-01-01 00:13:27,0.86250489
1970-01-01 00:13:28,0.80060795
1970-01-01 00:13:29,0.89345337
1970-01-01 00:13:30,1.1100927
1970-01-01 00:13:31,1.3112577
1970-01-01 00:13:32,1.6207425
1970-01-01 00:13:33,2.0385468
1970-01-01 00:13:34,2.3944542
1970-01-01 00:13:35,2.6265678
1970-01-01 00:13:36,2.6884647
1970-01-01 00:13:37,2.6575163
1970-01-01 00:13:38,2.5491966
1970-01-01 00:13:39,2.4254027
1970-01-01 00:13:40,2.3325573
1970-01-01 00:13:41,2.1468665
1970-01-01 00:13:42,2.0540211
1970-01-01 00:13:43,2.1623407
1970-01-01 00:13:44,2.2242377
1970-01-01 00:13:45,2.3325573
1970-01-01 00:13:46,2.5027739
1970-01-01 00:13:47,2.5027739
1970-01-01 00:13:48,2.37898
1970-01-01 00:13:49,2.0694953
1970-01-01 00:13:50,1.790959
1970-01-01 00:13:51,1.7135879
1970-01-01 00:13:52,1.9147529
1970-01-01 00:13:53,2.4254027
1970-01-01 00:13:54,2.8586813
1970-01-01 00:13:55,2.8586813
1970-01-01 00:13:56,2.37898
1970-01-01 00:13:57,1.8683302
1970-01-01 00:13:58,1.4350516
1970-01-01 00:13:59,1.3112577
1970-01-01 00:14:00,1.326732
1970-01-01 00:14:01,1.3576804
1970-01-01 00:14:02,1.326732
1970-01-01 00:14:03,1.1874638
1970-01-01 00:14:04,1.1100927
1970-01-01 00:14:05,1.0791442
1970-01-01 00:14:06,1.0946184
1970-01-01 00:14:07,1.1565154
1970-01-01 00:14:08,1.1719896
1970-01-01 00:14:09,1.1565154
1970-01-01 00:14:10,1.1410411
1970-01-01 00:14:11,1.1565154
1970-01-01 00:14:12,1.1100927
1970-01-01 00:14:13,1.0791442
1970-01-01 00:14:14,1.06367
1970-01-01 00:14:15,1.0946184
1970-01-01 00:14:16,1.0791442
1970-01-01 00:14:17,1.1255669
1970-01-01 00:14:18,1.1410411
1970-01-01 00:14:19,1.1565154
1970-01-01 00:14:20,1.1719896
1970-01-01 00:14:21,1.1719896
1970-01-01 00:14:22,1.1565154
1970-01-01 00:14:23,1.1719896
1970-01-01 00:14:24,1.2184123
1970-01-01 00:14:25,1.2493608
1970-01-01 00:14:26,1.2029381
1970-01-01 00:14:27,1.1874638
1970-01-01 00:14:28,1.2029381
1970-01-01 00:14:29,1.2184123
1970-01-01 00:14:30,1.2029381
1970-01-01 00:14:31,1.1719896
1970-01-01 00:14:32,1.1719896
1970-01-01 00:14:33,1.2029381
1970-01-01 00:14:34,1.2184123
1970-01-01 00:14:35,1.2338866
1970-01-01 00:14:36,1.2029381
1970-01-01 00:14:37,1.2184123
1970-01-01 00:14:38,1.1719896
1970-01-01 00:14:39,1.1874638
1970-01-01 00:14:40,1.1565154
1970-01-01 00:14:41,1.1410411
1970-01-01 00:14:42,1.1874638
1970-01-01 00:14:43,1.1100927
1970-01-01 00:14:44,1.0791442
1970-01-01 00:14:45,1.06367
1970-01-01 00:14:46,1.06367
1970-01-01 00:14:47,1.1255669
1970-01-01 00:14:48,1.1255669
1970-01-01 00:14:49,1.06367
1970-01-01 00:14:50,1.1100927
1970-01-01 00:14:51,1.1565154
1970-01-01 00:14:52,1.1410411
1970-01-01 00:14:53,1.1255669
1970-01-01 00:14:54,1.1100927
1970-01-01 00:14:55,1.1410411
1970-01-01 00:14:56,1.1100927
1970-01-01 00:14:57,1.0481957
1970-01-01 00:14:58,1.1410411
1970-01-01 00:14:59,1.0791442
1970-01-01 00:15:00,1.1410411
1970-01-01 00:15:01,1.1719896
1970-01-01 00:15:02,1.1565154
1970-01-01 00:15:03,1.1874638
1970-01-01 00:15:04,1.1719896
1970-01-01 00:15:05,1.1565154
1970-01-01 00:15:06,1.1410411
1970-01-01 00:15:07,1.2184123
1970-01-01 00:15:08,1.2493608
1970-01-01 00:15:09,1.2493608
1970-01-01 00:15:10,1.2957835
1970-01-01 00:15:11,1.326732
1970-01-01 00:15:12,1.3731547
1970-01-01 00:15:13,1.3576804
1970-01-01 00:15:14,1.4195774
1970-01-01 00:15:15,1.4350516
1970-01-01 00:15:16,1.4041032
1970-01-01 00:15:17,1.4041032
1970-01-01 00:15:18,1.4195774
1970-01-01 00:15:19,1.4350516
1970-01-01 00:15:20,1.4505259
1970-01-01 00:15:21,1.527897
1970-01-01 00:15:22,1.4660001
1970-01-01 00:15:23,1.4195774
1970-01-01 00:15:24,1.4195774
1970-01-01 00:15:25,1.4041032
1970-01-01 00:15:26,1.4350516
1970-01-01 00:15:27,1.4195774
1970-01-01 00:15:28,1.4505259
1970-01-01 00:15:29,1.4041032
1970-01-01 00:15:30,1.3731547
1970-01-01 00:15:31,1.4195774
1970-01-01 00:15:32,1.3731547
1970-01-01 00:15:33,1.3731547
1970-01-01 00:15:34,1.326732
1970-01-01 00:15:35,1.3112577
1970-01-01 00:15:36,1.3422062
1970-01-01 00:15:37,1.3422062
1970-01-01 00:15:38,1.326732
1970-01-01 00:15:39,1.2957835
1970-01-01 00:15:40,1.2957835
1970-01-01 00:15:41,1.3576804
1970-01-01 00:15:42,1.326732
1970-01-01 00:15:43,1.3422062
1970-01-01 00:15:44,1.326732
1970-01-01 00:15:45,1.3112577
1970-01-01 00:15:46,1.2184123
1970-01-01 00:15:47,1.2184123
1970-01-01 00:15:48,1.2957835
1970-01-01 00:15:49,1.3422062
1970-01-01 00:15:50,1.3576804
1970-01-01 00:15:51,1.2803093
1970-01-01 00:15:52,1.2957835
1970-01-01 00:15:53,1.264835
1970-01-01 00:15:54,1.3112577
1970-01-01 00:15:55,1.3576804
1970-01-01 00:15:56,1.3731547
1970-01-01 00:15:57,1.326732
1970-01-01 00:15:58,1.3731547
1970-01-01 00:15:59,1.3731547
1970-01-01 00:16:00,1.4195774
1970-01-01 00:16:01,1.4505259
1970-01-01 00:16:02,1.4505259
1970-01-01 00:16:03,1.3731547
1970-01-01 00:16:04,1.3731547
1970-01-01 00:16:05,1.3731547
1970-01-01 00:16:06,1.4505259
1970-01-01 00:16:07,1.4505259
1970-01-01 00:16:08,1.4195774
1970-01-01 00:16:09,1.4969486
1970-01-01 00:16:10,1.3886289
1970-01-01 00:16:11,1.4660001
1970-01-01 00:16:12,1.527897
1970-01-01 00:16:13,1.5588455
1970-01-01 00:16:14,1.6052682
1970-01-01 00:16:15,1.6826394
1970-01-01 00:16:16,1.7135879
1970-01-01 00:16:17,1.7445363
1970-01-01 00:16:18,1.8373818
1970-01-01 00:16:19,1.8992787
1970-01-01 00:16:20,1.9611756
1970-01-01 00:16:21,1.9766499
1970-01-01 00:16:22,2.0540211
1970-01-01 00:16:23,2.1313922
1970-01-01 00:16:24,2.1623407
1970-01-01 00:16:25,2.1313922
1970-01-01 00:16:26,2.0230726
1970-01-01 00:16:27,1.9147529
1970-01-01 00:16:28,1.9147529
1970-01-01 00:16:29,1.8219075
1970-01-01 00:16:30,1.8219075
1970-01-01 00:16:31,1.7600106
1970-01-01 00:16:32,1.6516909
1970-01-01 00:16:33,1.7290621
1970-01-01 00:16:34,1.6516909
1970-01-01 00:16:35,1.6671652
1970-01-01 00:16:36,1.6362167
1970-01-01 00:16:37,1.4660001
1970-01-01 00:16:38,1.4505259
1970-01-01 00:16:39,1.3886289
1970-01-01 00:16:40,1.3576804
1970-01-01 00:16:41,1.3422062
1970-01-01 00:16:42,1.3576804
1970-01-01 00:16:43,1.3112577
1970-01-01 00:16:44,1.326732
1970-01-01 00:16:45,1.2957835
1970-01-01 00:16:46,1.3886289
1970-01-01 00:16:47,1.3576804
1970-01-01 00:16:48,1.3422062
1970-01-01 00:16:49,1.326732
1970-01-01 00:16:50,1.326732
1970-01-01 00:16:51,1.3886289
1970-01-01 00:16:52,1.4505259
1970-01-01 00:16:53,1.4505259
1970-01-01 00:16:54,1.3886289
1970-01-01 00:16:55,1.4350516
1970-01-01 00:16:56,1.3731547
1970-01-01 00:16:57,1.4195774
1970-01-01 00:16:58,1.3576804
1970-01-01 00:16:59,1.3731547
1970-01-01 00:17:00,1.4350516
1970-01-01 00:17:01,1.4195774
1970-01-01 00:17:02,1.6052682
1970-01-01 00:17:03,1.7600106
1970-01-01 00:17:04,2.0385468
1970-01-01 00:17:05,2.3635058
1970-01-01 00:17:06,2.7194132
1970-01-01 00:17:07,2.9979494
1970-01-01 00:17:08,3.1062691
1970-01-01 00:17:09,3.1217433
1970-01-01 00:17:10,3.0443722
1970-01-01 00:17:11,2.967001
1970-01-01 00:17:12,2.8432071
1970-01-01 00:17:13,2.703939
1970-01-01 00:17:14,2.6110936
1970-01-01 00:17:15,2.5956193
1970-01-01 00:17:16,2.6729905
1970-01-01 00:17:17,2.8122586
1970-01-01 00:17:18,2.9205783
1970-01-01 00:17:19,2.9515267
1970-01-01 00:17:20,2.8432071
1970-01-01 00:17:21,2.5491966
1970-01-01 00:17:22,2.1623407
1970-01-01 00:17:23,2.0694953
1970-01-01 00:17:24,2.1313922
1970-01-01 00:17:25,2.7194132
1970-01-01 00:17:26,3.1991145
1970-01-01 00:17:27,3.3074342
1970-01-01 00:17:28,3.0288979
1970-01-01 00:17:29,2.4718254
1970-01-01 00:17:30,1.9611756
1970-01-01 00:17:31,1.6052682
1970-01-01 00:17:32,1.6362167
1970-01-01 00:17:33,1.6671652
1970-01-01 00:17:34,1.6826394
1970-01-01 00:17:35,1.589794
1970-01-01 00:17:36,1.4350516
1970-01-01 00:17:37,1.3576804
1970-01-01 00:17:38,1.4041032
1970-01-01 00:17:39,1.4505259
1970-01-01 00:17:40,1.4350516
1970-01-01 00:17:41,1.3886289
1970-01-01 00:17:42,1.3731547
1970-01-01 00:17:43,1.3731547
1970-01-01 00:17:44,1.4350516
1970-01-01 00:17:45,1.4350516
1970-01-01 00:17:46,1.4350516
1970-01-01 00:17:47,1.4195774
1970-01-01 00:17:48,1.4350516
1970-01-01 00:17:49,1.3576804
1970-01-01 00:17:50,1.4195774
1970-01-01 00:17:51,1.4041032
1970-01-01 00:17:52,1.4505259
1970-01-01 00:17:53,1.3886289
1970-01-01 00:17:54,1.4350516
1970-01-01 00:17:55,1.4350516
1970-01-01 00:17:56,1.4814743
1970-01-01 00:17:57,1.4505259
1970-01-01 00:17:58,1.4505259
1970-01-01 00:17:59,1.3886289
1970-01-01 00:18:00,1.3886289
1970-01-01 00:18:01,1.4505259
1970-01-01 00:18:02,1.4350516
1970-01-01 00:18:03,1.3886289
1970-01-01 00:18:04,1.326732
1970-01-01 00:18:05,1.3576804
1970-01-01 00:18:06,1.4041032
1970-01-01 00:18:07,1.3731547
1970-01-01 00:18:08,1.3731547
1970-01-01 00:18:09,1.3731547
1970-01-01 00:18:10,1.2957835
1970-01-01 00:18:11,1.2803093
1970-01-01 00:18:12,1.3112577
1970-01-01 00:18:13,1.3422062
1970-01-01 00:18:14,1.3112577
1970-01-01 00:18:15,1.2493608
1970-01-01 00:18:16,1.2029381
1970-01-01 00:18:17,1.2184123
1970-01-01 00:18:18,1.2338866
1970-01-01 00:18:19,1.2338866
1970-01-01 00:18:20,1.2184123
1970-01-01 00:18:21,1.2029381
1970-01-01 00:18:22,1.1565154
1970-01-01 00:18:23,1.1719896
1970-01-01 00:18:24,1.2029381
1970-01-01 00:18:25,1.2029381
1970-01-01 00:18:26,1.1255669
1970-01-01 00:18:27,1.0946184
1970-01-01 00:18:28,1.1255669
1970-01-01 00:18:29,1.1255669
1970-01-01 00:18:30,1.1255669
1970-01-01 00:18:31,1.0791442
1970-01-01 00:18:32,1.0172473
1970-01-01 00:18:33,1.0172473
1970-01-01 00:18:34,1.0946184
1970-01-01 00:18:35,1.1255669
1970-01-01 00:18:36,1.0481957
1970-01-01 00:18:37,1.1100927
1970-01-01 00:18:38,1.1255669
1970-01-01 00:18:39,1.0946184
1970-01-01 00:18:40,1.1100927
1970-01-01 00:18:41,1.2029381
1970-01-01 00:18:42,1.1719896
1970-01-01 00:18:43,1.2493608
1970-01-01 00:18:44,1.2338866
1970-01-01 00:18:45,1.2029381
1970-01-01 00:18:46,1.2184123
1970-01-01 00:18:47,1.2029381
1970-01-01 00:18:48,1.2803093
1970-01-01 00:18:49,1.2184123
1970-01-01 00:18:50,1.2338866
1970-01-01 00:18:51,1.264835
1970-01-01 00:18:52,1.2493608
1970-01-01 00:18:53,1.2803093
1970-01-01 00:18:54,1.2803093
1970-01-01 00:18:55,1.2338866
1970-01-01 00:18:56,1.1719896
1970-01-01 00:18:57,1.1565154
1970-01-01 00:18:58,1.2184123
1970-01-01 00:18:59,1.2184123
1970-01-01 00:19:00,1.1874638
1970-01-01 00:19:01,1.1100927
1970-01-01 00:19:02,1.1255669
1970-01-01 00:19:03,1.06367
1970-01-01 00:19:04,1.0172473
1970-01-01 00:19:05,1.0481957
1970-01-01 00:19:06,1.0791442
1970-01-01 00:19:07,1.0481957
1970-01-01 00:19:08,1.001773
1970-01-01 00:19:09,0.9089276
1970-01-01 00:19:10,1.001773
1970-01-01 00:19:11,1.0481957
1970-01-01 00:19:12,0.98629878
1970-01-01 00:19:13,0.9089276
1970-01-01 00:19:14,0.92440184
1970-01-01 00:19:15,0.89345337
1970-01-01 00:19:16,0.86250489
1970-01-01 00:19:17,0.84703066
1970-01-01 00:19:18,0.9089276
1970-01-01 00:19:19,0.87797913
1970-01-01 00:19:20,0.84703066
1970-01-01 00:19:21,0.9089276
1970-01-01 00:19:22,0.92440184
1970-01-01 00:19:23,0.86250489
1970-01-01 00:19:24,0.86250489
1970-01-01 00:19:25,0.87797913
1970-01-01 00:19:26,0.84703066
1970-01-01 00:19:27,0.86250489
1970-01-01 00:19:28,0.86250489
1970-01-01 00:19:29,0.84703066
1970-01-01 00:19:30,0.76965948
1970-01-01 00:19:31,0.75418524
1970-01-01 00:19:32,0.83155642
1970-01-01 00:19:33,0.84703066
1970-01-01 00:19:34,0.86250489
1970-01-01 00:19:35,0.84703066
1970-01-01 00:19:36,0.87797913
1970-01-01 00:19:37,0.83155642
1970-01-01 00:19:38,0.89345337
1970-01-01 00:19:39,0.84703066
1970-01-01 00:19:40,0.9089276
1970-01-01 00:19:41,0.9089276
1970-01-01 00:19:42,0.95535031
1970-01-01 00:19:43,0.92440184
1970-01-01 00:19:44,1.0481957
1970-01-01 00:19:45,1.0946184
1970-01-01 00:19:46,1.1719896
1970-01-01 00:19:47,1.1100927
1970-01-01 00:19:48,1.1719896
1970-01-01 00:19:49,1.2029381
1970-01-01 00:19:50,1.264835
1970-01-01 00:19:51,1.3886289
1970-01-01 00:19:52,1.3886289
1970-01-01 00:19:53,1.4350516
1970-01-01 00:19:54,1.4814743
1970-01-01 00:19:55,1.4969486
1970-01-01 00:19:56,1.4969486
1970-01-01 00:19:57,1.4660001
1970-01-01 00:19:58,1.4195774
1970-01-01 00:19:59,1.3112577
1970-01-01 00:20:00,1.2338866
1970-01-01 00:20:01,1.1719896
1970-01-01 00:20:02,1.1255669
1970-01-01 00:20:03,1.0327215
1970-01-01 00:20:04,0.98629878
1970-01-01 00:20:05,0.97082455
1970-01-01 00:20:06,0.9089276
1970-01-01 00:20:07,0.9089276
1970-01-01 00:20:08,0.89345337
1970-01-01 00:20:09,0.76965948
1970-01-01 00:20:10,0.70776254
1970-01-01 00:20:11,0.55302018
1970-01-01 00:20:12,0.58396865
1970-01-01 00:20:13,0.56849441
1970-01-01 00:20:14,0.56849441
1970-01-01 00:20:15,0.58396865
1970-01-01 00:20:16,0.59944288
1970-01-01 00:20:17,0.56849441
1970-01-01 00:20:18,0.50659747
1970-01-01 00:20:19,0.53754594
1970-01-01 00:20:20,0.58396865
1970-01-01 00:20:21,0.52207171
1970-01-01 00:20:22,0.55302018
1970-01-01 00:20:23,0.50659747
1970-01-01 00:20:24,0.49112323
1970-01-01 00:20:25,0.50659747
1970-01-01 00:20:26,0.58396865
1970-01-01 00:20:27,0.50659747
1970-01-01 00:20:28,0.53754594
1970-01-01 00:20:29,0.56849441
1970-01-01 00:20:30,0.59944288
1970-01-01 00:20:31,0.58396865
1970-01-01 00:20:32,0.58396865
1970-01-01 00:20:33,0.67681406
1970-01-01 00:20:34,0.9089276
1970-01-01 00:20:35,1.0946184
1970-01-01 00:20:36,1.5433713
1970-01-01 00:20:37,1.8838045
1970-01-01 00:20:38,2.3170831
1970-01-01 00:20:39,2.4872997
1970-01-01 00:20:40,2.4718254
1970-01-01 00:20:41,2.3480315
1970-01-01 00:20:42,2.2551861
1970-01-01 00:20:43,2.1313922
1970-01-01 00:20:44,1.9302272
1970-01-01 00:20:45,1.7754848
1970-01-01 00:20:46,1.6826394
1970-01-01 00:20:47,1.7600106
1970-01-01 00:20:48,1.9147529
1970-01-01 00:20:49,2.0694953
1970-01-01 00:20:50,2.1623407
1970-01-01 00:20:51,2.115918
1970-01-01 00:20:52,1.852856
1970-01-01 00:20:53,1.4969486
1970-01-01 00:20:54,1.2493608
1970-01-01 00:20:55,1.2493608
1970-01-01 00:20:56,1.7600106
1970-01-01 00:20:57,2.2551861
1970-01-01 00:20:58,2.5956193
1970-01-01 00:20:59,2.4872997
1970-01-01 00:21:00,2.0230726
1970-01-01 00:21:01,1.3731547
1970-01-01 00:21:02,1.001773
1970-01-01 00:21:03,0.81608219
1970-01-01 00:21:04,0.81608219
1970-01-01 00:21:05,0.86250489
1970-01-01 00:21:06,0.81608219
1970-01-01 00:21:07,0.61491712
1970-01-01 00:21:08,0.52207171
1970-01-01 00:21:09,0.44470053
1970-01-01 00:21:10,0.46017476
1970-01-01 00:21:11,0.475649
1970-01-01 00:21:12,0.50659747
1970-01-01 00:21:13,0.475649
1970-01-01 00:21:14,0.46017476
1970-01-01 00:21:15,0.42922629
1970-01-01 00:21:16,0.42922629
1970-01-01 00:21:17,0.49112323
1970-01-01 00:21:18,0.53754594
1970-01-01 00:21:19,0.49112323
1970-01-01 00:21:20,0.46017476
1970-01-01 00:21:21,0.41375205
1970-01-01 00:21:22,0.42922629
1970-01-01 00:21:23,0.46017476
1970-01-01 00:21:24,0.475649
1970-01-01 00:21:25,0.44470053
1970-01-01 00:21:26,0.46017476
1970-01-01 00:21:27,0.44470053
1970-01-01 00:21:28,0.475649
1970-01-01 00:21:29,0.475649
1970-01-01 00:21:30,0.52207171
1970-01-01 00:21:31,0.475649
1970-01-01 00:21:32,0.44470053
1970-01-01 00:21:33,0.42922629
1970-01-01 00:21:34,0.44470053
1970-01-01 00:21:35,0.44470053
1970-01-01 00:21:36,0.35185511
1970-01-01 00:21:37,0.3054324
1970-01-01 00:21:38,0.3054324
1970-01-01 00:21:39,0.33638087
1970-01-01 00:21:40,0.33638087
1970-01-01 00:21:41,0.3054324
1970-01-01 00:21:42,0.22806122
1970-01-01 00:21:43,0.25900969
1970-01-01 00:21:44,0.21258699
1970-01-01 00:21:45,0.21258699
1970-01-01 00:21:46,0.27448393
1970-01-01 00:21:47,0.25900969
1970-01-01 00:21:48,0.22806122
1970-01-01 00:21:49,0.19711275
1970-01-01 00:21:50,0.21258699
1970-01-01 00:21:51,0.18163852
1970-01-01 00:21:52,0.18163852
1970-01-01 00:21:53,0.11974157
1970-01-01 00:21:54,0.057844628
1970-01-01 00:21:55,0.073318864
1970-01-01 00:21:56,0.10426734
1970-01-01 00:21:57,0.11974157
1970-01-01 00:21:58,0.11974157
1970-01-01 00:21:59,0.0887931
1970-01-01 00:22:00,0.01142192
1970-01-01 00:22:01,-0.0040523155
1970-01-01 00:22:02,0.01142192
1970-01-01 00:22:03,-0.019526551
1970-01-01 00:22:04,0.10426734
1970-01-01 00:22:05,0.057844628
1970-01-01 00:22:06,0.057844628
1970-01-01 00:22:07,0.026896156
1970-01-01 00:22:08,0.026896156
1970-01-01 00:22:09,0.0887931
1970-01-01 00:22:10,0.10426734
1970-01-01 00:22:11,0.15069004
1970-01-01 00:22:12,0.18163852
1970-01-01 00:22:13,0.18163852
1970-01-01 00:22:14,0.27448393
1970-01-01 00:22:15,0.32090664
1970-01-01 00:22:16,0.28995817
1970-01-01 00:22:17,0.28995817
1970-01-01 00:22:18,0.27448393
1970-01-01 00:22:19,0.28995817
1970-01-01 00:22:20,0.35185511
1970-01-01 00:22:21,0.36732935
1970-01-01 00:22:22,0.32090664
1970-01-01 00:22:23,0.35185511
1970-01-01 00:22:24,0.3054324
1970-01-01 00:22:25,0.27448393
1970-01-01 00:22:26,0.27448393
1970-01-01 00:22:27,0.3054324
1970-01-01 00:22:28,0.25900969
1970-01-01 00:22:29,0.19711275
1970-01-01 00:22:30,0.19711275
1970-01-01 00:22:31,0.15069004
1970-01-01 00:22:32,0.18163852
1970-01-01 00:22:33,0.18163852
1970-01-01 00:22:34,0.18163852
1970-01-01 00:22:35,0.11974157
1970-01-01 00:22:36,0.11974157
1970-01-01 00:22:37,0.13521581
1970-01-01 00:22:38,0.15069004
1970-01-01 00:22:39,0.073318864
1970-01-01 00:22:40,0.10426734
1970-01-01 00:22:41,0.073318864
1970-01-01 00:22:42,0.042370392
1970-01-01 00:22:43,0.01142192
1970-01-01 00:22:44,0.13521581
1970-01-01 00:22:45,0.073318864
1970-01-01 00:22:46,-0.019526551
1970-01-01 00:22:47,-0.019526551
1970-01-01 00:22:48,-0.0040523155
1970-01-01 00:22:49,-0.019526551
1970-01-01 00:22:50,-0.035000787
1970-01-01 00:22:51,-0.035000787
1970-01-01 00:22:52,-0.096897731
1970-01-01 00:22:53,-0.081423495
1970-01-01 00:22:54,-0.065949259
1970-01-01 00:22:55,-0.035000787
1970-01-01 00:22:56,-0.1278462
1970-01-01 00:22:57,-0.065949259
1970-01-01 00:22:58,-0.096897731
1970-01-01 00:22:59,-0.20521738
1970-01-01 00:23:00,-0.1278462
1970-01-01 00:23:01,-0.15879467
1970-01-01 00:23:02,-0.14332044
1970-01-01 00:23:03,-0.11237197
1970-01-01 00:23:04,-0.1278462
1970-01-01 00:23:05,-0.1278462
1970-01-01 00:23:06,-0.1278462
1970-01-01 00:23:07,-0.065949259
1970-01-01 00:23:08,-0.065949259
1970-01-01 00:23:09,-0.11237197
1970-01-01 00:23:10,-0.096897731
1970-01-01 00:23:11,-0.065949259
1970-01-01 00:23:12,-0.0040523155
1970-01-01 00:23:13,0.01142192
1970-01-01 00:23:14,-0.065949259
1970-01-01 00:23:15,-0.18974315
1970-01-01 00:23:16,-0.31353703
1970-01-01 00:23:17,-0.2980628
1970-01-01 00:23:18,-0.37543398
1970-01-01 00:23:19,-0.26711433
1970-01-01 00:23:20,-0.26711433
1970-01-01 00:23:21,-0.39090821
1970-01-01 00:23:22,-0.25164009
1970-01-01 00:23:23,-0.23616585
1970-01-01 00:23:24,-0.11237197
1970-01-01 00:23:25,-0.14332044
1970-01-01 00:23:26,-0.096897731
1970-01-01 00:23:27,-0.14332044
1970-01-01 00:23:28,-0.096897731
1970-01-01 00:23:29,-0.0040523155
1970-01-01 00:23:30,0.24353546
1970-01-01 00:23:31,0.42922629
1970-01-01 00:23:32,0.44470053
1970-01-01 00:23:33,0.42922629
1970-01-01 00:23:34,0.55302018
1970-01-01 00:23:35,0.64586559
1970-01-01 00:23:36,0.53754594
1970-01-01 00:23:37,0.13521581
1970-01-01 00:23:38,-0.39090821
1970-01-01 00:23:39,-0.7313414
1970-01-01 00:23:40,-0.70039293
1970-01-01 00:23:41,-0.62302175
1970-01-01 00:23:42,-0.43733092
1970-01-01 00:23:43,-0.15879467
1970-01-01 00:23:44,0.18163852
1970-01-01 00:23:45,0.66133983
1970-01-01 00:23:46,1.1410411
1970-01-01 00:23:47,1.5433713
1970-01-01 00:23:48,1.7754848
1970-01-01 00:23:49,1.7445363
1970-01-01 00:23:50,1.2493608
1970-01-01 00:23:51,0.46017476
1970-01-01 00:23:52,-0.40638245
1970-01-01 00:23:53,-1.0098776
1970-01-01 00:23:54,-1.2884139
1970-01-01 00:23:55,-1.3193624
1970-01-01 00:23:56,-1.4122078
1970-01-01 00:23:57,-1.4586305
1970-01-01 00:23:58,-1.3348366
1970-01-01 00:23:59,-1.0872488
1970-01-01 00:24:00,-0.83966105
1970-01-01 00:24:01,-0.71586717
1970-01-01 00:24:02,-0.57659904
1970-01-01 00:24:03,-0.39090821
1970-01-01 00:24:04,-0.32901127
1970-01-01 00:24:05,-0.23616585
1970-01-01 00:24:06,-0.18974315
1970-01-01 00:24:07,-0.20521738
1970-01-01 00:24:08,-0.17426891
1970-01-01 00:24:09,-0.14332044
1970-01-01 00:24:10,-0.1278462
1970-01-01 00:24:11,-0.1278462
1970-01-01 00:24:12,-0.11237197
1970-01-01 00:24:13,-0.15879467
1970-01-01 00:24:14,-0.14332044
1970-01-01 00:24:15,-0.096897731
1970-01-01 00:24:16,-0.096897731
1970-01-01 00:24:17,-0.096897731
1970-01-01 00:24:18,-0.11237197
1970-01-01 00:24:19,-0.081423495
1970-01-01 00:24:20,-0.11237197
1970-01-01 00:24:21,-0.1278462
1970-01-01 00:24:22,-0.14332044
1970-01-01 00:24:23,-0.081423495
1970-01-01 00:24:24,-0.11237197
1970-01-01 00:24:25,-0.096897731
1970-01-01 00:24:26,-0.096897731
1970-01-01 00:24:27,-0.14332044
1970-01-01 00:24:28,-0.096897731
1970-01-01 00:24:29,-0.065949259
1970-01-01 00:24:30,-0.1278462
1970-01-01 00:24:31,-0.096897731
1970-01-01 00:24:32,-0.1278462
1970-01-01 00:24:33,-0.081423495
1970-01-01 00:24:34,-0.065949259
1970-01-01 00:24:35,-0.081423495
1970-01-01 00:24:36,-0.14332044
1970-01-01 00:24:37,-0.22069162
1970-01-01 00:24:38,-0.23616585
1970-01-01 00:24:39,-0.14332044
1970-01-01 00:24:40,-0.23616585
1970-01-01 00:24:41,-0.26711433
1970-01-01 00:24:42,-0.22069162
1970-01-01 00:24:43,-0.2980628
1970-01-01 00:24:44,-0.34448551
1970-01-01 00:24:45,-0.32901127
1970-01-01 00:24:46,-0.39090821
1970-01-01 00:24:47,-0.45280516
1970-01-01 00:24:48,-0.48375363
1970-01-01 00:24:49,-0.40638245
1970-01-01 00:24:50,-0.48375363
1970-01-01 00:24:51,-0.49922786
1970-01-01 00:24:52,-0.48375363
1970-01-01 00:24:53,-0.54565057
1970-01-01 00:24:54,-0.57659904
1970-01-01 00:24:55,-0.60754752
1970-01-01 00:24:56,-0.57659904
1970-01-01 00:24:57,-0.59207328
1970-01-01 00:24:58,-0.63849599
1970-01-01 00:24:59,-0.66944446
1970-01-01 00:25:00,-0.70039293
1970-01-01 00:25:01,-0.71586717
1970-01-01 00:25:02,-0.70039293
1970-01-01 00:25:03,-0.74681564
1970-01-01 00:25:04,-0.74681564
1970-01-01 00:25:05,-0.76228987
1970-01-01 00:25:06,-0.76228987
1970-01-01 00:25:07,-0.76228987
1970-01-01 00:25:08,-0.76228987
1970-01-01 00:25:09,-0.71586717
1970-01-01 00:25:10,-0.79323835
1970-01-01 00:25:11,-0.80871258
1970-01-01 00:25:12,-0.88608376
1970-01-01 00:25:13,-0.83966105
1970-01-01 00:25:14,-0.82418682
1970-01-01 00:25:15,-0.79323835
1970-01-01 00:25:16,-0.79323835
1970-01-01 00:25:17,-0.76228987
1970-01-01 00:25:18,-0.77776411
1970-01-01 00:25:19,-0.76228987
1970-01-01 00:25:20,-0.70039293
1970-01-01 00:25:21,-0.66944446
1970-01-01 00:25:22,-0.70039293
1970-01-01 00:25:23,-0.66944446
1970-01-01 00:25:24,-0.6849187
1970-01-01 00:25:25,-0.6849187
1970-01-01 00:25:26,-0.65397022
1970-01-01 00:25:27,-0.63849599
1970-01-01 00:25:28,-0.63849599
1970-01-01 00:25:29,-0.65397022
1970-01-01 00:25:30,-0.62302175
1970-01-01 00:25:31,-0.60754752
1970-01-01 00:25:32,-0.63849599
1970-01-01 00:25:33,-0.6849187
1970-01-01 00:25:34,-0.71586717
1970-01-01 00:25:35,-0.6849187
1970-01-01 00:25:36,-0.70039293
1970-01-01 00:25:37,-0.65397022
1970-01-01 00:25:38,-0.62302175
1970-01-01 00:25:39,-0.65397022
1970-01-01 00:25:40,-0.6849187
1970-01-01 00:25:41,-0.76228987
1970-01-01 00:25:42,-0.70039293
1970-01-01 00:25:43,-0.63849599
1970-01-01 00:25:44,-0.57659904
1970-01-01 00:25:45,-0.65397022
1970-01-01 00:25:46,-0.65397022
1970-01-01 00:25:47,-0.62302175
1970-01-01 00:25:48,-0.63849599
1970-01-01 00:25:49,-0.63849599
1970-01-01 00:25:50,-0.60754752
1970-01-01 00:25:51,-0.65397022
1970-01-01 00:25:52,-0.6849187
1970-01-01 00:25:53,-0.6849187
1970-01-01 00:25:54,-0.66944446
1970-01-01 00:25:55,-0.66944446
1970-01-01 00:25:56,-0.70039293
1970-01-01 00:25:57,-0.70039293
1970-01-01 00:25:58,-0.74681564
1970-01-01 00:25:59,-0.71586717
1970-01-01 00:26:00,-0.66944446
1970-01-01 00:26:01,-0.63849599
1970-01-01 00:26:02,-0.66944446
1970-01-01 00:26:03,-0.6849187
1970-01-01 00:26:04,-0.74681564
1970-01-01 00:26:05,-0.7313414
1970-01-01 00:26:06,-0.66944446
1970-01-01 00:26:07,-0.65397022
1970-01-01 00:26:08,-0.71586717
1970-01-01 00:26:09,-0.6849187
1970-01-01 00:26:10,-0.79323835
1970-01-01 00:26:11,-0.76228987
1970-01-01 00:26:12,-0.76228987
1970-01-01 00:26:13,-0.71586717
1970-01-01 00:26:14,-0.79323835
1970-01-01 00:26:15,-0.79323835
1970-01-01 00:26:16,-0.82418682
1970-01-01 00:26:17,-0.76228987
1970-01-01 00:26:18,-0.74681564
1970-01-01 00:26:19,-0.74681564
1970-01-01 00:26:20,-0.79323835
1970-01-01 00:26:21,-0.82418682
1970-01-01 00:26:22,-0.83966105
1970-01-01 00:26:23,-0.80871258
1970-01-01 00:26:24,-0.76228987
1970-01-01 00:26:25,-0.76228987
1970-01-01 00:26:26,-0.83966105
1970-01-01 00:26:27,-0.82418682
1970-01-01 00:26:28,-0.83966105
1970-01-01 00:26:29,-0.85513529
1970-01-01 00:26:30,-0.80871258
1970-01-01 00:26:31,-0.82418682
1970-01-01 00:26:32,-0.76228987
1970-01-01 00:26:33,-0.82418682
1970-01-01 00:26:34,-0.83966105
1970-01-01 00:26:35,-0.80871258
1970-01-01 00:26:36,-0.79323835
1970-01-01 00:26:37,-0.83966105
1970-01-01 00:26:38,-0.87060953
1970-01-01 00:26:39,-0.85513529
1970-01-01 00:26:40,-0.82418682
1970-01-01 00:26:41,-0.80871258
1970-01-01 00:26:42,-0.80871258
1970-01-01 00:26:43,-0.80871258
1970-01-01 00:26:44,-0.76228987
1970-01-01 00:26:45,-0.7313414
1970-01-01 00:26:46,-0.62302175
1970-01-01 00:26:47,-0.54565057
1970-01-01 00:26:48,-0.5147021
1970-01-01 00:26:49,-0.53017634
1970-01-01 00:26:50,-0.48375363
1970-01-01 00:26:51,-0.39090821
1970-01-01 00:26:52,-0.28258856
1970-01-01 00:26:53,-0.2980628
1970-01-01 00:26:54,-0.23616585
1970-01-01 00:26:55,-0.22069162
1970-01-01 00:26:56,-0.26711433
1970-01-01 00:26:57,-0.26711433
1970-01-01 00:26:58,-0.34448551
1970-01-01 00:26:59,-0.34448551
1970-01-01 00:27:00,-0.46827939
1970-01-01 00:27:01,-0.53017634
1970-01-01 00:27:02,-0.60754752
1970-01-01 00:27:03,-0.62302175
1970-01-01 00:27:04,-0.62302175
1970-01-01 00:27:05,-0.63849599
1970-01-01 00:27:06,-0.74681564
1970-01-01 00:27:07,-0.76228987
1970-01-01 00:27:08,-0.80871258
1970-01-01 00:27:09,-0.83966105
1970-01-01 00:27:10,-0.901558
1970-01-01 00:27:11,-0.97892918
1970-01-01 00:27:12,-1.1027231
1970-01-01 00:27:13,-1.0717746
1970-01-01 00:27:14,-1.0717746
1970-01-01 00:27:15,-1.0408261
1970-01-01 00:27:16,-1.1336715
1970-01-01 00:27:17,-1.1336715
1970-01-01 00:27:18,-1.16462
1970-01-01 00:27:19,-1.16462
1970-01-01 00:27:20,-1.1181973
1970-01-01 00:27:21,-1.0563004
1970-01-01 00:27:22,-1.0872488
1970-01-01 00:27:23,-1.16462
1970-01-01 00:27:24,-1.1800942
1970-01-01 00:27:25,-1.16462
1970-01-01 00:27:26,-1.16462
1970-01-01 00:27:27,-1.16462
1970-01-01 00:27:28,-1.1800942
1970-01-01 00:27:29,-1.1491458
1970-01-01 00:27:30,-1.1181973
1970-01-01 00:27:31,-1.0408261
1970-01-01 00:27:32,-0.97892918
1970-01-01 00:27:33,-0.79323835
1970-01-01 00:27:34,-0.63849599
1970-01-01 00:27:35,-0.2980628
1970-01-01 00:27:36,0.026896156
1970-01-01 00:27:37,0.52207171
1970-01-01 00:27:38,1.0327215
1970-01-01 00:27:39,1.5433713
1970-01-01 00:27:40,1.8373818
1970-01-01 00:27:41,1.9921241
1970-01-01 00:27:42,2.1468665
1970-01-01 00:27:43,2.2087634
1970-01-01 00:27:44,2.2706604
1970-01-01 00:27:45,2.0849695
1970-01-01 00:27:46,1.9766499
1970-01-01 00:27:47,1.9766499
1970-01-01 00:27:48,2.0075984
1970-01-01 00:27:49,2.1004438
1970-01-01 00:27:50,2.0694953
1970-01-01 00:27:51,1.8838045
1970-01-01 00:27:52,1.3112577
1970-01-01 00:27:53,0.67681406
1970-01-01 00:27:54,0.22806122
1970-01-01 00:27:55,0.19711275
1970-01-01 00:27:56,0.55302018
1970-01-01 00:27:57,1.1255669
1970-01-01 00:27:58,1.3576804
1970-01-01 00:27:59,1.1874638
1970-01-01 00:28:00,0.61491712
1970-01-01 00:28:01,-0.0040523155
1970-01-01 00:28:02,-0.62302175
1970-01-01 00:28:03,-1.0563004
1970-01-01 00:28:04,-1.1955685
1970-01-01 00:28:05,-1.1181973
1970-01-01 00:28:06,-1.1955685
1970-01-01 00:28:07,-1.1491458
1970-01-01 00:28:08,-1.2574654
1970-01-01 00:28:09,-1.3038881
1970-01-01 00:28:10,-1.3193624
1970-01-01 00:28:11,-1.3812593
1970-01-01 00:28:12,-1.2729397
1970-01-01 00:28:13,-1.2419912
1970-01-01 00:28:14,-1.2729397
1970-01-01 00:28:15,-1.3348366
1970-01-01 00:28:16,-1.3503108
1970-01-01 00:28:17,-1.4122078
1970-01-01 00:28:18,-1.3348366
1970-01-01 00:28:19,-1.3657851
1970-01-01 00:28:20,-1.3503108
1970-01-01 00:28:21,-1.3657851
1970-01-01 00:28:22,-1.3657851
1970-01-01 00:28:23,-1.3348366
1970-01-01 00:28:24,-1.3812593
1970-01-01 00:28:25,-1.3038881
1970-01-01 00:28:26,-1.2729397
1970-01-01 00:28:27,-1.3503108
1970-01-01 00:28:28,-1.3812593
1970-01-01 00:28:29,-1.3657851
1970-01-01 00:28:30,-1.3657851
1970-01-01 00:28:31,-1.2574654
1970-01-01 00:28:32,-1.3038881
1970-01-01 00:28:33,-1.4122078
1970-01-01 00:28:34,-1.4586305
1970-01-01 00:28:35,-1.4741047
1970-01-01 00:28:36,-1.4122078
1970-01-01 00:28:37,-1.4586305
1970-01-01 00:28:38,-1.4431563
1970-01-01 00:28:39,-1.5050532
1970-01-01 00:28:40,-1.5360017
1970-01-01 00:28:41,-1.5360017
1970-01-01 00:28:42,-1.5824244
1970-01-01 00:28:43,-1.5360017
1970-01-01 00:28:44,-1.5824244
1970-01-01 00:28:45,-1.5514759
1970-01-01 00:28:46,-1.6597956
1970-01-01 00:28:47,-1.6443213
1970-01-01 00:28:48,-1.6443213
1970-01-01 00:28:49,-1.5978986
1970-01-01 00:28:50,-1.6133728
1970-01-01 00:28:51,-1.6597956
1970-01-01 00:28:52,-1.752641
1970-01-01 00:28:53,-1.7216925
1970-01-01 00:28:54,-1.7062183
1970-01-01 00:28:55,-1.752641
1970-01-01 00:28:56,-1.9073833
1970-01-01 00:28:57,-1.8919091
1970-01-01 00:28:58,-1.9073833
1970-01-01 00:28:59,-1.8919091
1970-01-01 00:29:00,-1.9073833
1970-01-01 00:29:01,-1.8919091
1970-01-01 00:29:02,-1.8454864
1970-01-01 00:29:03,-1.8454864
1970-01-01 00:29:04,-1.9073833
1970-01-01 00:29:05,-1.8300122
1970-01-01 00:29:06,-1.8764349
1970-01-01 00:29:07,-1.9073833
1970-01-01 00:29:08,-1.9073833
1970-01-01 00:29:09,-1.8145379
1970-01-01 00:29:10,-1.7835894
1970-01-01 00:29:11,-1.7216925
1970-01-01 00:29:12,-1.690744
1970-01-01 00:29:13,-1.7062183
1970-01-01 00:29:14,-1.7216925
1970-01-01 00:29:15,-1.6133728
1970-01-01 00:29:16,-1.5669501
1970-01-01 00:29:17,-1.5514759
1970-01-01 00:29:18,-1.5205274
1970-01-01 00:29:19,-1.4586305
1970-01-01 00:29:20,-1.3812593
1970-01-01 00:29:21,-1.3348366
1970-01-01 00:29:22,-1.3193624
1970-01-01 00:29:23,-1.3348366
1970-01-01 00:29:24,-1.3038881
1970-01-01 00:29:25,-1.3503108
1970-01-01 00:29:26,-1.2884139
1970-01-01 00:29:27,-1.2574654
1970-01-01 00:29:28,-1.2110427
1970-01-01 00:29:29,-1.1491458
1970-01-01 00:29:30,-1.1800942
1970-01-01 00:29:31,-1.3038881
1970-01-01 00:29:32,-1.2419912
1970-01-01 00:29:33,-1.1955685
1970-01-01 00:29:34,-1.226517
1970-01-01 00:29:35,-1.1800942
1970-01-01 00:29:36,-1.2110427
1970-01-01 00:29:37,-1.226517
1970-01-01 00:29:38,-1.2419912
1970-01-01 00:29:39,-1.1955685
1970-01-01 00:29:40,-1.226517
1970-01-01 00:29:41,-1.2574654
1970-01-01 00:29:42,-1.2110427
1970-01-01 00:29:43,-1.2110427
1970-01-01 00:29:44,-1.1491458
1970-01-01 00:29:45,-1.2110427
1970-01-01 00:29:46,-1.226517
1970-01-01 00:29:47,-1.2110427
1970-01-01 00:29:48,-1.1955685
1970-01-01 00:29:49,-1.2419912
1970-01-01 00:29:50,-1.2110427
1970-01-01 00:29:51,-1.2574654
1970-01-01 00:29:52,-1.2574654
1970-01-01 00:29:53,-1.2574654
1970-01-01 00:29:54,-1.2419912
1970-01-01 00:29:55,-1.2419912
1970-01-01 00:29:56,-1.2110427
1970-01-01 00:29:57,-1.2419912
1970-01-01 00:29:58,-1.2110427
1970-01-01 00:29:59,-1.3193624
1970-01-01 00:30:00,-1.226517
1970-01-01 00:30:01,-1.1491458
1970-01-01 00:30:02,-1.1955685
1970-01-01 00:30:03,-1.1336715
1970-01-01 00:30:04,-1.16462
1970-01-01 00:30:05,-1.16462
1970-01-01 00:30:06,-1.0717746
1970-01-01 00:30:07,-1.0408261
1970-01-01 00:30:08,-1.0563004
1970-01-01 00:30:09,-1.0253519
1970-01-01 00:30:10,-0.901558
1970-01-01 00:30:11,-0.88608376
1970-01-01 00:30:12,-0.901558
1970-01-01 00:30:13,-0.74681564
1970-01-01 00:30:14,-0.66944446
1970-01-01 00:30:15,-0.6849187
1970-01-01 00:30:16,-0.62302175
1970-01-01 00:30:17,-0.56112481
1970-01-01 00:30:18,-0.46827939
1970-01-01 00:30:19,-0.37543398
1970-01-01 00:30:20,-0.39090821
1970-01-01 00:30:21,-0.37543398
1970-01-01 00:30:22,-0.46827939
1970-01-01 00:30:23,-0.45280516
1970-01-01 00:30:24,-0.49922786
1970-01-01 00:30:25,-0.49922786
1970-01-01 00:30:26,-0.54565057
1970-01-01 00:30:27,-0.60754752
1970-01-01 00:30:28,-0.70039293
1970-01-01 00:30:29,-0.76228987
1970-01-01 00:30:30,-0.77776411
1970-01-01 00:30:31,-0.76228987
1970-01-01 00:30:32,-0.80871258
1970-01-01 00:30:33,-0.85513529
1970-01-01 00:30:34,-0.99440341
1970-01-01 00:30:35,-1.0563004
1970-01-01 00:30:36,-1.0717746
1970-01-01 00:30:37,-1.1027231
1970-01-01 00:30:38,-1.1336715
1970-01-01 00:30:39,-1.1800942
1970-01-01 00:30:40,-1.1800942
1970-01-01 00:30:41,-1.16462
1970-01-01 00:30:42,-1.1800942
1970-01-01 00:30:43,-1.16462
1970-01-01 00:30:44,-1.1491458
1970-01-01 00:30:45,-1.16462
1970-01-01 00:30:46,-1.16462
1970-01-01 00:30:47,-1.1181973
1970-01-01 00:30:48,-1.0872488
1970-01-01 00:30:49,-1.1027231
1970-01-01 00:30:50,-1.1181973
1970-01-01 00:30:51,-1.0872488
1970-01-01 00:30:52,-1.1336715
1970-01-01 00:30:53,-1.16462
1970-01-01 00:30:54,-1.1491458
1970-01-01 00:30:55,-1.1955685
1970-01-01 00:30:56,-1.1336715
1970-01-01 00:30:57,-1.0253519
1970-01-01 00:30:58,-0.96345494
1970-01-01 00:30:59,-0.70039293
1970-01-01 00:31:00,-0.53017634
1970-01-01 00:31:01,-0.31353703
1970-01-01 00:31:02,0.01142192
1970-01-01 00:31:03,0.39827782
1970-01-01 00:31:04,0.95535031
1970-01-01 00:31:05,1.4814743
1970-01-01 00:31:06,1.7290621
1970-01-01 00:31:07,1.7135879
1970-01-01 00:31:08,1.8683302
1970-01-01 00:31:09,1.852856
1970-01-01 00:31:10,1.8373818
1970-01-01 00:31:11,1.6826394
1970-01-01 00:31:12,1.5588455
1970-01-01 00:31:13,1.589794
1970-01-01 00:31:14,1.6362167
1970-01-01 00:31:15,1.7135879
1970-01-01 00:31:16,1.7754848
1970-01-01 00:31:17,1.5124228
1970-01-01 00:31:18,1.0481957
1970-01-01 00:31:19,0.32090664
1970-01-01 00:31:20,-0.17426891
1970-01-01 00:31:21,-0.26711433
1970-01-01 00:31:22,0.15069004
1970-01-01 00:31:23,0.72323677
1970-01-01 00:31:24,1.0946184
1970-01-01 00:31:25,1.0172473
1970-01-01 00:31:26,0.475649
1970-01-01 00:31:27,-0.096897731
1970-01-01 00:31:28,-0.6849187
1970-01-01 00:31:29,-0.901558
1970-01-01 00:31:30,-0.91703223
1970-01-01 00:31:31,-0.88608376
1970-01-01 00:31:32,-0.93250647
1970-01-01 00:31:33,-1.0563004
1970-01-01 00:31:34,-1.1181973
1970-01-01 00:31:35,-1.1336715
1970-01-01 00:31:36,-1.1491458
1970-01-01 00:31:37,-1.1491458
1970-01-01 00:31:38,-1.1800942
1970-01-01 00:31:39,-1.1336715
1970-01-01 00:31:40,-1.2110427
1970-01-01 00:31:41,-1.16462
1970-01-01 00:31:42,-1.226517
1970-01-01 00:31:43,-1.2110427
1970-01-01 00:31:44,-1.1491458
1970-01-01 00:31:45,-1.16462
1970-01-01 00:31:46,-1.1491458
1970-01-01 00:31:47,-1.1491458
1970-01-01 00:31:48,-1.1181973
1970-01-01 00:31:49,-1.1800942
1970-01-01 00:31:50,-1.1800942
1970-01-01 00:31:51,-1.1336715
1970-01-01 00:31:52,-1.1491458
1970-01-01 00:31:53,-1.1955685
1970-01-01 00:31:54,-1.2729397
1970-01-01 00:31:55,-1.2574654
1970-01-01 00:31:56,-1.2110427
1970-01-01 00:31:57,-1.2110427
1970-01-01 00:31:58,-1.1955685
1970-01-01 00:31:59,-1.1955685
1970-01-01 00:32:00,-1.2419912
1970-01-01 00:32:01,-1.2574654
1970-01-01 00:32:02,-1.2729397
1970-01-01 00:32:03,-1.2729397
1970-01-01 00:32:04,-1.2419912
1970-01-01 00:32:05,-1.2884139
1970-01-01 00:32:06,-1.2729397
1970-01-01 00:32:07,-1.2884139
1970-01-01 00:32:08,-1.2729397
1970-01-01 00:32:09,-1.3193624
1970-01-01 00:32:10,-1.3193624
1970-01-01 00:32:11,-1.3503108
1970-01-01 00:32:12,-1.4122078
1970-01-01 00:32:13,-1.3657851
1970-01-01 00:32:14,-1.3967335
1970-01-01 00:32:15,-1.4431563
1970-01-01 00:32:16,-1.4586305
1970-01-01 00:32:17,-1.489579
1970-01-01 00:32:18,-1.5669501
1970-01-01 00:32:19,-1.5669501
1970-01-01 00:32:20,-1.5360017
1970-01-01 00:32:21,-1.5205274
1970-01-01 00:32:22,-1.5050532
1970-01-01 00:32:23,-1.5360017
1970-01-01 00:32:24,-1.5360017
1970-01-01 00:32:25,-1.489579
1970-01-01 00:32:26,-1.5050532
1970-01-01 00:32:27,-1.5669501
1970-01-01 00:32:28,-1.5514759
1970-01-01 00:32:29,-1.5824244
1970-01-01 00:32:30,-1.5669501
1970-01-01 00:32:31,-1.4741047
1970-01-01 00:32:32,-1.4586305
1970-01-01 00:32:33,-1.4741047
1970-01-01 00:32:34,-1.5205274
1970-01-01 00:32:35,-1.4431563
1970-01-01 00:32:36,-1.3967335
1970-01-01 00:32:37,-1.3967335
1970-01-01 00:32:38,-1.3193624
1970-01-01 00:32:39,-1.2884139
1970-01-01 00:32:40,-1.2729397
1970-01-01 00:32:41,-1.16462
1970-01-01 00:32:42,-1.0872488
1970-01-01 00:32:43,-1.0872488
1970-01-01 00:32:44,-1.1027231
1970-01-01 00:32:45,-1.1027231
1970-01-01 00:32:46,-1.0563004
1970-01-01 00:32:47,-1.0872488
1970-01-01 00:32:48,-0.94798071
1970-01-01 00:32:49,-0.91703223
1970-01-01 00:32:50,-1.0563004
1970-01-01 00:32:51,-1.0563004
1970-01-01 00:32:52,-1.0408261
1970-01-01 00:32:53,-1.0408261
1970-01-01 00:32:54,-1.0253519
1970-01-01 00:32:55,-1.0098776
1970-01-01 00:32:56,-1.0408261
1970-01-01 00:32:57,-1.0872488
1970-01-01 00:32:58,-1.0408261
1970-01-01 00:32:59,-0.97892918
1970-01-01 00:33:00,-0.97892918
1970-01-01 00:33:01,-0.97892918
1970-01-01 00:33:02,-1.0563004
1970-01-01 00:33:03,-1.0563004
1970-01-01 00:33:04,-1.0872488
1970-01-01 00:33:05,-1.0563004
1970-01-01 00:33:06,-1.1027231
1970-01-01 00:33:07,-1.0253519
1970-01-01 00:33:08,-1.0408261
1970-01-01 00:33:09,-1.0253519
1970-01-01 00:33:10,-1.0408261
1970-01-01 00:33:11,-1.0098776
1970-01-01 00:33:12,-1.0872488
1970-01-01 00:33:13,-1.0408261
1970-01-01 00:33:14,-1.0717746
1970-01-01 00:33:15,-0.99440341
1970-01-01 00:33:16,-0.94798071
1970-01-01 00:33:17,-0.99440341
1970-01-01 00:33:18,-0.96345494
1970-01-01 00:33:19,-0.96345494
1970-01-01 00:33:20,-1.0408261
1970-01-01 00:33:21,-1.0408261
1970-01-01 00:33:22,-0.96345494
1970-01-01 00:33:23,-0.96345494
1970-01-01 00:33:24,-0.91703223
1970-01-01 00:33:25,-0.88608376
1970-01-01 00:33:26,-0.88608376
1970-01-01 00:33:27,-0.80871258
1970-01-01 00:33:28,-0.77776411
1970-01-01 00:33:29,-0.70039293
1970-01-01 00:33:30,-0.6849187
1970-01-01 00:33:31,-0.70039293
1970-01-01 00:33:32,-0.66944446
1970-01-01 00:33:33,-0.53017634
1970-01-01 00:33:34,-0.46827939
1970-01-01 00:33:35,-0.39090821
1970-01-01 00:33:36,-0.39090821
1970-01-01 00:33:37,-0.2980628
1970-01-01 00:33:38,-0.26711433
1970-01-01 00:33:39,-0.28258856
1970-01-01 00:33:40,-0.34448551
1970-01-01 00:33:41,-0.43733092
1970-01-01 00:33:42,-0.46827939
1970-01-01 00:33:43,-0.45280516
1970-01-01 00:33:44,-0.54565057
1970-01-01 00:33:45,-0.53017634
1970-01-01 00:33:46,-0.57659904
1970-01-01 00:33:47,-0.60754752
1970-01-01 00:33:48,-0.63849599
1970-01-01 00:33:49,-0.70039293
1970-01-01 00:33:50,-0.66944446
1970-01-01 00:33:51,-0.6849187
1970-01-01 00:33:52,-0.79323835
1970-01-01 00:33:53,-0.901558
1970-01-01 00:33:54,-0.94798071
1970-01-01 00:33:55,-0.94798071
1970-01-01 00:33:56,-0.91703223
1970-01-01 00:33:57,-0.97892918
1970-01-01 00:33:58,-0.96345494
1970-01-01 00:33:59,-1.0253519
1970-01-01 00:34:00,-0.99440341
1970-01-01 00:34:01,-1.0253519
1970-01-01 00:34:02,-0.93250647
1970-01-01 00:34:03,-0.94798071
1970-01-01 00:34:04,-0.901558
1970-01-01 00:34:05,-0.94798071
1970-01-01 00:34:06,-1.0253519
1970-01-01 00:34:07,-0.99440341
1970-01-01 00:34:08,-0.96345494
1970-01-01 00:34:09,-0.901558
1970-01-01 00:34:10,-0.91703223
1970-01-01 00:34:11,-0.93250647
1970-01-01 00:34:12,-0.91703223
1970-01-01 00:34:13,-0.901558
1970-01-01 00:34:14,-0.83966105
1970-01-01 00:34:15,-0.80871258
1970-01-01 00:34:16,-0.76228987
1970-01-01 00:34:17,-0.70039293
1970-01-01 00:34:18,-0.49922786
1970-01-01 00:34:19,-0.23616585
1970-01-01 00:34:20,0.13521581
1970-01-01 00:34:21,0.58396865
1970-01-01 00:34:22,1.0481957
1970-01-01 00:34:23,1.5588455
1970-01-01 00:34:24,1.9921241
1970-01-01 00:34:25,2.2706604
1970-01-01 00:34:26,2.4718254
1970-01-01 00:34:27,2.642042
1970-01-01 00:34:28,2.5646708
1970-01-01 00:34:29,2.4718254
1970-01-01 00:34:30,2.2087634
1970-01-01 00:34:31,2.1313922
1970-01-01 00:34:32,2.1313922
1970-01-01 00:34:33,2.1778149
1970-01-01 00:34:34,2.1468665
1970-01-01 00:34:35,1.9611756
1970-01-01 00:34:36,1.6207425
1970-01-01 00:34:37,1.1255669
1970-01-01 00:34:38,0.59944288
1970-01-01 00:34:39,0.27448393
1970-01-01 00:34:40,0.50659747
1970-01-01 00:34:41,1.0327215
1970-01-01 00:34:42,1.4041032
1970-01-01 00:34:43,1.5433713
1970-01-01 00:34:44,1.1719896
1970-01-01 00:34:45,0.475649
1970-01-01 00:34:46,-0.18974315
1970-01-01 00:34:47,-0.65397022
1970-01-01 00:34:48,-0.82418682
1970-01-01 00:34:49,-0.77776411
1970-01-01 00:34:50,-0.79323835
1970-01-01 00:34:51,-0.87060953
1970-01-01 00:34:52,-1.0408261
1970-01-01 00:34:53,-1.0253519
1970-01-01 00:34:54,-1.0717746
1970-01-01 00:34:55,-1.0717746
1970-01-01 00:34:56,-1.0098776
1970-01-01 00:34:57,-0.96345494
1970-01-01 00:34:58,-1.0098776
1970-01-01 00:34:59,-1.0098776
1970-01-01 00:35:00,-1.0872488
1970-01-01 00:35:01,-1.0563004
1970-01-01 00:35:02,-1.0098776
1970-01-01 00:35:03,-1.1027231
1970-01-01 00:35:04,-1.0872488
1970-01-01 00:35:05,-1.0563004
1970-01-01 00:35:06,-0.99440341
1970-01-01 00:35:07,-0.94798071
1970-01-01 00:35:08,-0.96345494
1970-01-01 00:35:09,-1.0717746
1970-01-01 00:35:10,-0.99440341
1970-01-01 00:35:11,-1.0408261
1970-01-01 00:35:12,-1.0098776
1970-01-01 00:35:13,-1.0408261
1970-01-01 00:35:14,-1.0098776
1970-01-01 00:35:15,-1.0253519
1970-01-01 00:35:16,-1.0408261
1970-01-01 00:35:17,-0.99440341
1970-01-01 00:35:18,-1.0098776
1970-01-01 00:35:19,-1.0253519
1970-01-01 00:35:20,-1.0717746
1970-01-01 00:35:21,-1.1336715
1970-01-01 00:35:22,-1.1027231
1970-01-01 00:35:23,-1.0717746
1970-01-01 00:35:24,-1.0872488
1970-01-01 00:35:25,-1.1027231
1970-01-01 00:35:26,-1.0717746
1970-01-01 00:35:27,-1.1491458
1970-01-01 00:35:28,-1.1955685
1970-01-01 00:35:29,-1.1800942
1970-01-01 00:35:30,-1.16462
1970-01-01 00:35:31,-1.2110427
1970-01-01 00:35:32,-1.16462
1970-01-01 00:35:33,-1.16462
1970-01-01 00:35:34,-1.2419912
1970-01-01 00:35:35,-1.226517
1970-01-01 00:35:36,-1.2419912
1970-01-01 00:35:37,-1.3193624
1970-01-01 00:35:38,-1.2729397
1970-01-01 00:35:39,-1.3657851
1970-01-01 00:35:40,-1.3503108
1970-01-01 00:35:41,-1.3038881
1970-01-01 00:35:42,-1.4122078
1970-01-01 00:35:43,-1.3967335
1970-01-01 00:35:44,-1.4122078
1970-01-01 00:35:45,-1.4122078
1970-01-01 00:35:46,-1.427682
1970-01-01 00:35:47,-1.4122078
1970-01-01 00:35:48,-1.4586305
1970-01-01 00:35:49,-1.427682
1970-01-01 00:35:50,-1.489579
1970-01-01 00:35:51,-1.4741047
1970-01-01 00:35:52,-1.4586305
1970-01-01 00:35:53,-1.3967335
1970-01-01 00:35:54,-1.3657851
1970-01-01 00:35:55,-1.3812593
1970-01-01 00:35:56,-1.4122078
1970-01-01 00:35:57,-1.3657851
1970-01-01 00:35:58,-1.2419912
1970-01-01 00:35:59,-1.2574654
1970-01-01 00:36:00,-1.2574654
1970-01-01 00:36:01,-1.2110427
1970-01-01 00:36:02,-1.1800942
1970-01-01 00:36:03,-1.0717746
1970-01-01 00:36:04,-1.0563004
1970-01-01 00:36:05,-1.0098776
1970-01-01 00:36:06,-1.0253519
1970-01-01 00:36:07,-0.94798071
1970-01-01 00:36:08,-0.87060953
1970-01-01 00:36:09,-0.82418682
1970-01-01 00:36:10,-0.87060953
1970-01-01 00:36:11,-0.76228987
1970-01-01 00:36:12,-0.82418682
1970-01-01 00:36:13,-0.82418682
1970-01-01 00:36:14,-0.85513529
1970-01-01 00:36:15,-0.83966105
1970-01-01 00:36:16,-0.74681564
1970-01-01 00:36:17,-0.82418682
1970-01-01 00:36:18,-0.85513529
1970-01-01 00:36:19,-0.82418682
1970-01-01 00:36:20,-0.88608376
1970-01-01 00:36:21,-0.82418682
1970-01-01 00:36:22,-0.79323835
1970-01-01 00:36:23,-0.82418682
1970-01-01 00:36:24,-0.87060953
1970-01-01 00:36:25,-0.88608376
1970-01-01 00:36:26,-0.88608376
1970-01-01 00:36:27,-0.96345494
1970-01-01 00:36:28,-0.93250647
1970-01-01 00:36:29,-0.91703223
1970-01-01 00:36:30,-0.91703223
1970-01-01 00:36:31,-0.96345494
1970-01-01 00:36:32,-0.93250647
1970-01-01 00:36:33,-0.91703223
1970-01-01 00:36:34,-0.91703223
1970-01-01 00:36:35,-0.93250647
1970-01-01 00:36:36,-0.96345494
1970-01-01 00:36:37,-0.91703223
1970-01-01 00:36:38,-0.99440341
1970-01-01 00:36:39,-0.94798071
1970-01-01 00:36:40,-0.93250647
1970-01-01 00:36:41,-0.96345494
1970-01-01 00:36:42,-1.0253519
1970-01-01 00:36:43,-0.93250647
1970-01-01 00:36:44,-0.91703223
1970-01-01 00:36:45,-0.88608376
1970-01-01 00:36:46,-0.85513529
1970-01-01 00:36:47,-0.87060953
1970-01-01 00:36:48,-0.85513529
1970-01-01 00:36:49,-0.82418682
1970-01-01 00:36:50,-0.82418682
1970-01-01 00:36:51,-0.79323835
1970-01-01 00:36:52,-0.7313414
1970-01-01 00:36:53,-0.74681564
1970-01-01 00:36:54,-0.66944446
1970-01-01 00:36:55,-0.57659904
1970-01-01 00:36:56,-0.40638245
1970-01-01 00:36:57,-0.35995974
1970-01-01 00:36:58,-0.31353703
1970-01-01 00:36:59,-0.31353703
1970-01-01 00:37:00,-0.26711433
1970-01-01 00:37:01,-0.32901127
1970-01-01 00:37:02,-0.37543398
1970-01-01 00:37:03,-0.39090821
1970-01-01 00:37:04,-0.42185668
1970-01-01 00:37:05,-0.43733092
1970-01-01 00:37:06,-0.46827939
1970-01-01 00:37:07,-0.63849599
1970-01-01 00:37:08,-0.65397022
1970-01-01 00:37:09,-0.74681564
1970-01-01 00:37:10,-0.901558
1970-01-01 00:37:11,-1.0098776
1970-01-01 00:37:12,-1.0253519
1970-01-01 00:37:13,-0.97892918
1970-01-01 00:37:14,-0.93250647
1970-01-01 00:37:15,-0.80871258
1970-01-01 00:37:16,-0.63849599
1970-01-01 00:37:17,-0.54565057
1970-01-01 00:37:18,-0.56112481
1970-01-01 00:37:19,-0.5147021
1970-01-01 00:37:20,-0.37543398
1970-01-01 00:37:21,-0.49922786
1970-01-01 00:37:22,-0.80871258
1970-01-01 00:37:23,-1.2884139
1970-01-01 00:37:24,-1.690744
1970-01-01 00:37:25,-1.7990637
1970-01-01 00:37:26,-1.8609606
1970-01-01 00:37:27,-1.8609606
1970-01-01 00:37:28,-1.7216925
1970-01-01 00:37:29,-1.6133728
1970-01-01 00:37:30,-1.3967335
1970-01-01 00:37:31,-1.1955685
1970-01-01 00:37:32,-0.82418682
1970-01-01 00:37:33,-0.43733092
1970-01-01 00:37:34,-0.25164009
1970-01-01 00:37:35,-0.37543398
1970-01-01 00:37:36,-0.76228987
1970-01-01 00:37:37,-1.3348366
1970-01-01 00:37:38,-1.8919091
1970-01-01 00:37:39,-2.216868
1970-01-01 00:37:40,-2.216868
1970-01-01 00:37:41,-2.1085484
1970-01-01 00:37:42,-1.9383318
1970-01-01 00:37:43,-1.8145379
1970-01-01 00:37:44,-1.6288471
1970-01-01 00:37:45,-1.3503108
1970-01-01 00:37:46,-1.1181973
1970-01-01 00:37:47,-0.83966105
1970-01-01 00:37:48,-0.71586717
1970-01-01 00:37:49,-0.62302175
1970-01-01 00:37:50,-0.48375363
1970-01-01 00:37:51,-0.45280516
1970-01-01 00:37:52,-0.45280516
1970-01-01 00:37:53,-0.35995974
1970-01-01 00:37:54,-0.39090821
1970-01-01 00:37:55,-0.34448551
1970-01-01 00:37:56,-0.35995974
1970-01-01 00:37:57,-0.39090821
1970-01-01 00:37:58,-0.34448551
1970-01-01 00:37:59,-0.34448551
1970-01-01 00:38:00,-0.26711433
1970-01-01 00:38:01,-0.28258856
1970-01-01 00:38:02,-0.25164009
1970-01-01 00:38:03,-0.22069162
1970-01-01 00:38:04,-0.25164009
1970-01-01 00:38:05,-0.20521738
1970-01-01 00:38:06,-0.18974315
1970-01-01 00:38:07,-0.22069162
1970-01-01 00:38:08,-0.23616585
1970-01-01 00:38:09,-0.20521738
1970-01-01 00:38:10,-0.18974315
1970-01-01 00:38:11,-0.22069162
1970-01-01 00:38:12,-0.1278462
1970-01-01 00:38:13,-0.15879467
1970-01-01 00:38:14,-0.15879467
1970-01-01 00:38:15,-0.11237197
1970-01-01 00:38:16,-0.14332044
1970-01-01 00:38:17,-0.065949259
1970-01-01 00:38:18,-0.081423495
1970-01-01 00:38:19,-0.1278462
1970-01-01 00:38:20,-0.1278462
1970-01-01 00:38:21,-0.1278462
1970-01-01 00:38:22,-0.065949259
1970-01-01 00:38:23,-0.096897731
1970-01-01 00:38:24,-0.096897731
1970-01-01 00:38:25,-0.050475023
1970-01-01 00:38:26,-0.11237197
1970-01-01 00:38:27,-0.065949259
1970-01-01 00:38:28,-0.096897731
1970-01-01 00:38:29,-0.081423495
1970-01-01 00:38:30,-0.081423495
1970-01-01 00:38:31,-0.11237197
1970-01-01 00:38:32,-0.1278462
1970-01-01 00:38:33,-0.15879467
1970-01-01 00:38:34,-0.065949259
1970-01-01 00:38:35,-0.096897731
1970-01-01 00:38:36,-0.081423495
1970-01-01 00:38:37,-0.1278462
1970-01-01 00:38:38,-0.081423495
1970-01-01 00:38:39,-0.15879467
1970-01-01 00:38:40,-0.096897731
1970-01-01 00:38:41,-0.14332044
1970-01-01 00:38:42,-0.17426891
1970-01-01 00:38:43,-0.15879467
1970-01-01 00:38:44,-0.22069162
1970-01-01 00:38:45,-0.14332044
1970-01-01 00:38:46,-0.15879467
1970-01-01 00:38:47,-0.15879467
1970-01-01 00:38:48,-0.15879467
1970-01-01 00:38:49,-0.17426891
1970-01-01 00:38:50,-0.18974315
1970-01-01 00:38:51,-0.22069162
1970-01-01 00:38:52,-0.18974315
1970-01-01 00:38:53,-0.15879467
1970-01-01 00:38:54,-0.18974315
1970-01-01 00:38:55,-0.23616585
1970-01-01 00:38:56,-0.23616585
1970-01-01 00:38:57,-0.22069162
1970-01-01 00:38:58,-0.20521738
1970-01-01 00:38:59,-0.22069162
1970-01-01 00:39:00,-0.26711433
1970-01-01 00:39:01,-0.28258856
1970-01-01 00:39:02,-0.2980628
1970-01-01 00:39:03,-0.26711433
1970-01-01 00:39:04,-0.26711433
1970-01-01 00:39:05,-0.34448551
1970-01-01 00:39:06,-0.31353703
1970-01-01 00:39:07,-0.26711433
1970-01-01 00:39:08,-0.28258856
1970-01-01 00:39:09,-0.26711433
1970-01-01 00:39:10,-0.25164009
1970-01-01 00:39:11,-0.28258856
1970-01-01 00:39:12,-0.35995974
1970-01-01 00:39:13,-0.32901127
1970-01-01 00:39:14,-0.28258856
1970-01-01 00:39:15,-0.2980628
1970-01-01 00:39:16,-0.35995974
1970-01-01 00:39:17,-0.32901127
1970-01-01 00:39:18,-0.34448551
1970-01-01 00:39:19,-0.32901127
1970-01-01 00:39:20,-0.34448551
1970-01-01 00:39:21,-0.28258856
1970-01-01 00:39:22,-0.32901127
1970-01-01 00:39:23,-0.32901127
1970-01-01 00:39:24,-0.37543398
1970-01-01 00:39:25,-0.37543398
1970-01-01 00:39:26,-0.40638245
1970-01-01 00:39:27,-0.32901127
1970-01-01 00:39:28,-0.37543398
1970-01-01 00:39:29,-0.40638245
1970-01-01 00:39:30,-0.39090821
1970-01-01 00:39:31,-0.39090821
1970-01-01 00:39:32,-0.35995974
1970-01-01 00:39:33,-0.32901127
1970-01-01 00:39:34,-0.32901127
1970-01-01 00:39:35,-0.32901127
1970-01-01 00:39:36,-0.39090821
1970-01-01 00:39:37,-0.35995974
1970-01-01 00:39:38,-0.32901127
1970-01-01 00:39:39,-0.34448551
1970-01-01 00:39:40,-0.26711433
1970-01-01 00:39:41,-0.2980628
1970-01-01 00:39:42,-0.32901127
1970-01-01 00:39:43,-0.2980628
1970-01-01 00:39:44,-0.28258856
1970-01-01 00:39:45,-0.28258856
1970-01-01 00:39:46,-0.28258856
1970-01-01 00:39:47,-0.2980628
1970-01-01 00:39:48,-0.2980628
1970-01-01 00:39:49,-0.28258856
1970-01-01 00:39:50,-0.25164009
1970-01-01 00:39:51,-0.18974315
1970-01-01 00:39:52,-0.2980628
1970-01-01 00:39:53,-0.26711433
1970-01-01 00:39:54,-0.22069162
1970-01-01 00:39:55,-0.25164009
1970-01-01 00:39:56,-0.26711433
1970-01-01 00:39:57,-0.22069162
1970-01-01 00:39:58,-0.26711433
1970-01-01 00:39:59,-0.26711433
1970-01-01 00:40:00,-0.22069162
1970-01-01 00:40:01,-0.17426891
1970-01-01 00:40:02,-0.20521738
1970-01-01 00:40:03,-0.22069162
1970-01-01 00:40:04,-0.23616585
1970-01-01 00:40:05,-0.22069162
1970-01-01 00:40:06,-0.20521738
1970-01-01 00:40:07,-0.18974315
1970-01-01 00:40:08,-0.18974315
1970-01-01 00:40:09,-0.15879467
1970-01-01 00:40:10,-0.1278462
1970-01-01 00:40:11,-0.17426891
1970-01-01 00:40:12,-0.1278462
1970-01-01 00:40:13,-0.1278462
1970-01-01 00:40:14,-0.17426891
1970-01-01 00:40:15,-0.11237197
1970-01-01 00:40:16,-0.18974315
1970-01-01 00:40:17,-0.1278462
1970-01-01 00:40:18,-0.096897731
1970-01-01 00:40:19,-0.019526551
1970-01-01 00:40:20,0.042370392
1970-01-01 00:40:21,0.0887931
1970-01-01 00:40:22,0.13521581
1970-01-01 00:40:23,0.19711275
1970-01-01 00:40:24,0.18163852
1970-01-01 00:40:25,0.22806122
1970-01-01 00:40:26,0.27448393
1970-01-01 00:40:27,0.33638087
1970-01-01 00:40:28,0.39827782
1970-01-01 00:40:29,0.52207171
1970-01-01 00:40:30,0.59944288
1970-01-01 00:40:31,0.53754594
1970-01-01 00:40:32,0.50659747
1970-01-01 00:40:33,0.475649
1970-01-01 00:40:34,0.36732935
1970-01-01 00:40:35,0.39827782
1970-01-01 00:40:36,0.32090664
1970-01-01 00:40:37,0.3054324
1970-01-01 00:40:38,0.27448393
1970-01-01 00:40:39,0.22806122
1970-01-01 00:40:40,0.18163852
1970-01-01 00:40:41,0.22806122
1970-01-01 00:40:42,0.16616428
1970-01-01 00:40:43,0.10426734
1970-01-01 00:40:44,0.042370392
1970-01-01 00:40:45,-0.0040523155
1970-01-01 00:40:46,0.01142192
1970-01-01 00:40:47,-0.035000787
1970-01-01 00:40:48,-0.096897731
1970-01-01 00:40:49,-0.11237197
1970-01-01 00:40:50,-0.18974315
1970-01-01 00:40:51,-0.20521738
1970-01-01 00:40:52,-0.18974315
1970-01-01 00:40:53,-0.20521738
1970-01-01 00:40:54,-0.15879467
1970-01-01 00:40:55,-0.1278462
1970-01-01 00:40:56,-0.15879467
1970-01-01 00:40:57,-0.22069162
1970-01-01 00:40:58,-0.1278462
1970-01-01 00:40:59,-0.050475023
1970-01-01 00:41:00,-0.11237197
1970-01-01 00:41:01,-0.15879467
1970-01-01 00:41:02,-0.20521738
1970-01-01 00:41:03,-0.20521738
1970-01-01 00:41:04,-0.18974315
1970-01-01 00:41:05,-0.1278462
1970-01-01 00:41:06,-0.081423495
1970-01-01 00:41:07,-0.1278462
1970-01-01 00:41:08,-0.019526551
1970-01-01 00:41:09,0.13521581
1970-01-01 00:41:10,0.27448393
1970-01-01 00:41:11,0.49112323
1970-01-01 00:41:12,0.86250489
1970-01-01 00:41:13,1.2029381
1970-01-01 00:41:14,1.5588455
1970-01-01 00:41:15,2.0075984
1970-01-01 00:41:16,2.2397119
1970-01-01 00:41:17,2.4872997
1970-01-01 00:41:18,2.5801451
1970-01-01 00:41:19,2.5956193
1970-01-01 00:41:20,2.642042
1970-01-01 00:41:21,2.5646708
1970-01-01 00:41:22,2.5337224
1970-01-01 00:41:23,2.6265678
1970-01-01 00:41:24,2.6884647
1970-01-01 00:41:25,2.7967844
1970-01-01 00:41:26,2.8432071
1970-01-01 00:41:27,2.7813101
1970-01-01 00:41:28,2.3480315
1970-01-01 00:41:29,1.8373818
1970-01-01 00:41:30,1.264835
1970-01-01 00:41:31,1.0327215
1970-01-01 00:41:32,1.1874638
1970-01-01 00:41:33,1.7754848
1970-01-01 00:41:34,2.3325573
1970-01-01 00:41:35,2.5337224
1970-01-01 00:41:36,2.1932892
1970-01-01 00:41:37,1.589794
1970-01-01 00:41:38,0.95535031
1970-01-01 00:41:39,0.36732935
1970-01-01 00:41:40,0.10426734
1970-01-01 00:41:41,0.042370392
1970-01-01 00:41:42,0.042370392
1970-01-01 00:41:43,-0.019526551
1970-01-01 00:41:44,-0.11237197
1970-01-01 00:41:45,-0.15879467
1970-01-01 00:41:46,-0.14332044
1970-01-01 00:41:47,-0.15879467
1970-01-01 00:41:48,-0.1278462
1970-01-01 00:41:49,-0.17426891
1970-01-01 00:41:50,-0.17426891
1970-01-01 00:41:51,-0.15879467
1970-01-01 00:41:52,-0.15879467
1970-01-01 00:41:53,-0.14332044
1970-01-01 00:41:54,-0.1278462
1970-01-01 00:41:55,-0.1278462
1970-01-01 00:41:56,-0.1278462
1970-01-01 00:41:57,-0.1278462
1970-01-01 00:41:58,-0.11237197
1970-01-01 00:41:59,-0.081423495
1970-01-01 00:42:00,-0.096897731
1970-01-01 00:42:01,-0.065949259
1970-01-01 00:42:02,-0.096897731
1970-01-01 00:42:03,-0.1278462
1970-01-01 00:42:04,-0.096897731
1970-01-01 00:42:05,-0.22069162
1970-01-01 00:42:06,-0.17426891
1970-01-01 00:42:07,-0.096897731
1970-01-01 00:42:08,-0.096897731
1970-01-01 00:42:09,-0.035000787
1970-01-01 00:42:10,-0.096897731
1970-01-01 00:42:11,-0.11237197
1970-01-01 00:42:12,-0.081423495
1970-01-01 00:42:13,-0.1278462
1970-01-01 00:42:14,-0.1278462
1970-01-01 00:42:15,-0.20521738
1970-01-01 00:42:16,-0.18974315
1970-01-01 00:42:17,-0.14332044
1970-01-01 00:42:18,-0.14332044
1970-01-01 00:42:19,-0.17426891
1970-01-01 00:42:20,-0.22069162
1970-01-01 00:42:21,-0.20521738
1970-01-01 00:42:22,-0.22069162
1970-01-01 00:42:23,-0.23616585
1970-01-01 00:42:24,-0.26711433
1970-01-01 00:42:25,-0.23616585
1970-01-01 00:42:26,-0.32901127
1970-01-01 00:42:27,-0.31353703
1970-01-01 00:42:28,-0.28258856
1970-01-01 00:42:29,-0.32901127
1970-01-01 00:42:30,-0.28258856
1970-01-01 00:42:31,-0.31353703
1970-01-01 00:42:32,-0.35995974
1970-01-01 00:42:33,-0.39090821
1970-01-01 00:42:34,-0.35995974
1970-01-01 00:42:35,-0.35995974
1970-01-01 00:42:36,-0.35995974
1970-01-01 00:42:37,-0.34448551
1970-01-01 00:42:38,-0.39090821
1970-01-01 00:42:39,-0.37543398
1970-01-01 00:42:40,-0.40638245
1970-01-01 00:42:41,-0.34448551
1970-01-01 00:42:42,-0.34448551
1970-01-01 00:42:43,-0.31353703
1970-01-01 00:42:44,-0.32901127
1970-01-01 00:42:45,-0.37543398
1970-01-01 00:42:46,-0.32901127
1970-01-01 00:42:47,-0.23616585
1970-01-01 00:42:48,-0.14332044
1970-01-01 00:42:49,-0.18974315
1970-01-01 00:42:50,-0.096897731
1970-01-01 00:42:51,-0.096897731
1970-01-01 00:42:52,-0.019526551
1970-01-01 00:42:53,-0.0040523155
1970-01-01 00:42:54,0.057844628
1970-01-01 00:42:55,0.073318864
1970-01-01 00:42:56,0.042370392
1970-01-01 00:42:57,0.11974157
1970-01-01 00:42:58,0.15069004
1970-01-01 00:42:59,0.16616428
1970-01-01 00:43:00,0.19711275
1970-01-01 00:43:01,0.18163852
1970-01-01 00:43:02,0.22806122
1970-01-01 00:43:03,0.22806122
1970-01-01 00:43:04,0.21258699
1970-01-01 00:43:05,0.27448393
1970-01-01 00:43:06,0.28995817
1970-01-01 00:43:07,0.19711275
1970-01-01 00:43:08,0.25900969
1970-01-01 00:43:09,0.24353546
1970-01-01 00:43:10,0.19711275
1970-01-01 00:43:11,0.19711275
1970-01-01 00:43:12,0.16616428
1970-01-01 00:43:13,0.16616428
1970-01-01 00:43:14,0.19711275
1970-01-01 00:43:15,0.18163852
1970-01-01 00:43:16,0.18163852
1970-01-01 00:43:17,0.16616428
1970-01-01 00:43:18,0.10426734
1970-01-01 00:43:19,0.042370392
1970-01-01 00:43:20,0.0887931
1970-01-01 00:43:21,0.026896156
1970-01-01 00:43:22,0.0887931
1970-01-01 00:43:23,-0.019526551
1970-01-01 00:43:24,0.026896156
1970-01-01 00:43:25,-0.0040523155
1970-01-01 00:43:26,0.042370392
1970-01-01 00:43:27,0.057844628
1970-01-01 00:43:28,0.0887931
1970-01-01 00:43:29,0.057844628
1970-01-01 00:43:30,0.073318864
1970-01-01 00:43:31,0.057844628
1970-01-01 00:43:32,0.073318864
1970-01-01 00:43:33,0.11974157
1970-01-01 00:43:34,0.026896156
1970-01-01 00:43:35,0.11974157
1970-01-01 00:43:36,0.0887931
1970-01-01 00:43:37,0.11974157
1970-01-01 00:43:38,0.15069004
1970-01-01 00:43:39,0.18163852
1970-01-01 00:43:40,0.18163852
1970-01-01 00:43:41,0.22806122
1970-01-01 00:43:42,0.22806122
1970-01-01 00:43:43,0.32090664
1970-01-01 00:43:44,0.41375205
1970-01-01 00:43:45,0.42922629
1970-01-01 00:43:46,0.46017476
1970-01-01 00:43:47,0.46017476
1970-01-01 00:43:48,0.58396865
1970-01-01 00:43:49,0.72323677
1970-01-01 00:43:50,0.78513372
1970-01-01 00:43:51,0.89345337
1970-01-01 00:43:52,0.87797913
1970-01-01 00:43:53,0.92440184
1970-01-01 00:43:54,0.97082455
1970-01-01 00:43:55,1.0172473
1970-01-01 00:43:56,0.97082455
1970-01-01 00:43:57,0.86250489
1970-01-01 00:43:58,0.84703066
1970-01-01 00:43:59,0.76965948
1970-01-01 00:44:00,0.73871101
1970-01-01 00:44:01,0.70776254
1970-01-01 00:44:02,0.70776254
1970-01-01 00:44:03,0.58396865
1970-01-01 00:44:04,0.61491712
1970-01-01 00:44:05,0.53754594
1970-01-01 00:44:06,0.55302018
1970-01-01 00:44:07,0.53754594
1970-01-01 00:44:08,0.53754594
1970-01-01 00:44:09,0.38280358
1970-01-01 00:44:10,0.32090664
1970-01-01 00:44:11,0.27448393
1970-01-01 00:44:12,0.25900969
1970-01-01 00:44:13,0.22806122
1970-01-01 00:44:14,0.24353546
1970-01-01 00:44:15,0.22806122
1970-01-01 00:44:16,0.25900969
1970-01-01 00:44:17,0.25900969
1970-01-01 00:44:18,0.25900969
1970-01-01 00:44:19,0.24353546
1970-01-01 00:44:20,0.22806122
1970-01-01 00:44:21,0.22806122
1970-01-01 00:44:22,0.22806122
1970-01-01 00:44:23,0.24353546
1970-01-01 00:44:24,0.21258699
1970-01-01 00:44:25,0.32090664
1970-01-01 00:44:26,0.28995817
1970-01-01 00:44:27,0.27448393
1970-01-01 00:44:28,0.28995817
1970-01-01 00:44:29,0.25900969
1970-01-01 00:44:30,0.38280358
1970-01-01 00:44:31,0.3054324
1970-01-01 00:44:32,0.475649
1970-01-01 00:44:33,0.58396865
1970-01-01 00:44:34,0.89345337
1970-01-01 00:44:35,1.2493608
1970-01-01 00:44:36,1.6671652
1970-01-01 00:44:37,1.9921241
1970-01-01 00:44:38,2.3170831
1970-01-01 00:44:39,2.5182481
1970-01-01 00:44:40,2.5491966
1970-01-01 00:44:41,2.5801451
1970-01-01 00:44:42,2.6575163
1970-01-01 00:44:43,2.5956193
1970-01-01 00:44:44,2.5337224
1970-01-01 00:44:45,2.440877
1970-01-01 00:44:46,2.5027739
1970-01-01 00:44:47,2.6575163
1970-01-01 00:44:48,2.7813101
1970-01-01 00:44:49,2.8432071
1970-01-01 00:44:50,2.7348874
1970-01-01 00:44:51,2.3480315
1970-01-01 00:44:52,1.9302272
1970-01-01 00:44:53,1.4350516
1970-01-01 00:44:54,1.2338866
1970-01-01 00:44:55,1.4660001
1970-01-01 00:44:56,2.0230726
1970-01-01 00:44:57,2.6110936
1970-01-01 00:44:58,2.8432071
1970-01-01 00:44:59,2.5956193
1970-01-01 00:45:00,2.0694953
1970-01-01 00:45:01,1.3886289
1970-01-01 00:45:02,0.83155642
1970-01-01 00:45:03,0.49112323
1970-01-01 00:45:04,0.53754594
1970-01-01 00:45:05,0.55302018
1970-01-01 00:45:06,0.50659747
1970-01-01 00:45:07,0.38280358
1970-01-01 00:45:08,0.32090664
1970-01-01 00:45:09,0.22806122
1970-01-01 00:45:10,0.25900969
1970-01-01 00:45:11,0.27448393
1970-01-01 00:45:12,0.28995817
1970-01-01 00:45:13,0.25900969
1970-01-01 00:45:14,0.25900969
1970-01-01 00:45:15,0.28995817
1970-01-01 00:45:16,0.3054324
1970-01-01 00:45:17,0.32090664
1970-01-01 00:45:18,0.24353546
1970-01-01 00:45:19,0.24353546
1970-01-01 00:45:20,0.24353546
1970-01-01 00:45:21,0.3054324
1970-01-01 00:45:22,0.27448393
1970-01-01 00:45:23,0.32090664
1970-01-01 00:45:24,0.25900969
1970-01-01 00:45:25,0.25900969
1970-01-01 00:45:26,0.24353546
1970-01-01 00:45:27,0.24353546
1970-01-01 00:45:28,0.35185511
1970-01-01 00:45:29,0.32090664
1970-01-01 00:45:30,0.22806122
1970-01-01 00:45:31,0.18163852
1970-01-01 00:45:32,0.19711275
1970-01-01 00:45:33,0.18163852
1970-01-01 00:45:34,0.18163852
1970-01-01 00:45:35,0.16616428
1970-01-01 00:45:36,0.11974157
1970-01-01 00:45:37,0.13521581
1970-01-01 00:45:38,0.15069004
1970-01-01 00:45:39,0.18163852
1970-01-01 00:45:40,0.15069004
1970-01-01 00:45:41,0.15069004
1970-01-01 00:45:42,0.11974157
1970-01-01 00:45:43,0.042370392
1970-01-01 00:45:44,0.10426734
1970-01-01 00:45:45,0.0887931
1970-01-01 00:45:46,0.15069004
1970-01-01 00:45:47,0.057844628
1970-01-01 00:45:48,0.026896156
1970-01-01 00:45:49,0.026896156
1970-01-01 00:45:50,0.073318864
1970-01-01 00:45:51,0.042370392
1970-01-01 00:45:52,-0.019526551
1970-01-01 00:45:53,-0.035000787
1970-01-01 00:45:54,-0.081423495
1970-01-01 00:45:55,-0.096897731
1970-01-01 00:45:56,-0.096897731
1970-01-01 00:45:57,-0.050475023
1970-01-01 00:45:58,-0.081423495
1970-01-01 00:45:59,-0.15879467
1970-01-01 00:46:00,-0.20521738
1970-01-01 00:46:01,-0.17426891
1970-01-01 00:46:02,-0.1278462
1970-01-01 00:46:03,-0.1278462
1970-01-01 00:46:04,-0.065949259
1970-01-01 00:46:05,-0.096897731
1970-01-01 00:46:06,-0.035000787
1970-01-01 00:46:07,0.057844628
1970-01-01 00:46:08,0.057844628
1970-01-01 00:46:09,0.0887931
1970-01-01 00:46:10,0.11974157
1970-01-01 00:46:11,0.13521581
1970-01-01 00:46:12,0.18163852
1970-01-01 00:46:13,0.22806122
1970-01-01 00:46:14,0.33638087
1970-01-01 00:46:15,0.28995817
1970-01-01 00:46:16,0.27448393
1970-01-01 00:46:17,0.35185511
1970-01-01 00:46:18,0.41375205
1970-01-01 00:46:19,0.44470053
1970-01-01 00:46:20,0.44470053
1970-01-01 00:46:21,0.49112323
1970-01-01 00:46:22,0.50659747
1970-01-01 00:46:23,0.53754594
1970-01-01 00:46:24,0.50659747
1970-01-01 00:46:25,0.50659747
1970-01-01 00:46:26,0.46017476
1970-01-01 00:46:27,0.36732935
1970-01-01 00:46:28,0.42922629
1970-01-01 00:46:29,0.50659747
1970-01-01 00:46:30,0.46017476
1970-01-01 00:46:31,0.50659747
1970-01-01 00:46:32,0.50659747
1970-01-01 00:46:33,0.475649
1970-01-01 00:46:34,0.41375205
1970-01-01 00:46:35,0.49112323
1970-01-01 00:46:36,0.50659747
1970-01-01 00:46:37,0.49112323
1970-01-01 00:46:38,0.42922629
1970-01-01 00:46:39,0.38280358
1970-01-01 00:46:40,0.46017476
1970-01-01 00:46:41,0.49112323
1970-01-01 00:46:42,0.475649
1970-01-01 00:46:43,0.50659747
1970-01-01 00:46:44,0.46017476
1970-01-01 00:46:45,0.46017476
1970-01-01 00:46:46,0.49112323
1970-01-01 00:46:47,0.46017476
1970-01-01 00:46:48,0.475649
1970-01-01 00:46:49,0.41375205
1970-01-01 00:46:50,0.39827782
1970-01-01 00:46:51,0.42922629
1970-01-01 00:46:52,0.49112323
1970-01-01 00:46:53,0.475649
1970-01-01 00:46:54,0.50659747
1970-01-01 00:46:55,0.50659747
1970-01-01 00:46:56,0.44470053
1970-01-01 00:46:57,0.475649
1970-01-01 00:46:58,0.41375205
1970-01-01 00:46:59,0.46017476
1970-01-01 00:47:00,0.53754594
1970-01-01 00:47:01,0.49112323
1970-01-01 00:47:02,0.49112323
1970-01-01 00:47:03,0.475649
1970-01-01 00:47:04,0.55302018
1970-01-01 00:47:05,0.55302018
1970-01-01 00:47:06,0.55302018
1970-01-01 00:47:07,0.50659747
1970-01-01 00:47:08,0.59944288
1970-01-01 00:47:09,0.59944288
1970-01-01 00:47:10,0.67681406
1970-01-01 00:47:11,0.75418524
1970-01-01 00:47:12,0.81608219
1970-01-01 00:47:13,0.78513372
1970-01-01 00:47:14,0.83155642
1970-01-01 00:47:15,0.92440184
1970-01-01 00:47:16,0.97082455
1970-01-01 00:47:17,1.06367
1970-01-01 00:47:18,1.1255669
1970-01-01 00:47:19,1.1255669
1970-01-01 00:47:20,1.1874638
1970-01-01 00:47:21,1.2184123
1970-01-01 00:47:22,1.2029381
1970-01-01 00:47:23,1.1410411
1970-01-01 00:47:24,1.0481957
1970-01-01 00:47:25,0.95535031
1970-01-01 00:47:26,0.87797913
1970-01-01 00:47:27,0.86250489
1970-01-01 00:47:28,0.86250489
1970-01-01 00:47:29,0.6922883
1970-01-01 00:47:30,0.55302018
1970-01-01 00:47:31,0.61491712
1970-01-01 00:47:32,0.55302018
1970-01-01 00:47:33,0.55302018
1970-01-01 00:47:34,0.53754594
1970-01-01 00:47:35,0.42922629
1970-01-01 00:47:36,0.3054324
1970-01-01 00:47:37,0.33638087
1970-01-01 00:47:38,0.32090664
1970-01-01 00:47:39,0.24353546
1970-01-01 00:47:40,0.25900969
1970-01-01 00:47:41,0.24353546
1970-01-01 00:47:42,0.22806122
1970-01-01 00:47:43,0.19711275
1970-01-01 00:47:44,0.19711275
1970-01-01 00:47:45,0.25900969
1970-01-01 00:47:46,0.21258699
1970-01-01 00:47:47,0.19711275
1970-01-01 00:47:48,0.24353546
1970-01-01 00:47:49,0.27448393
1970-01-01 00:47:50,0.24353546
1970-01-01 00:47:51,0.21258699
1970-01-01 00:47:52,0.15069004
1970-01-01 00:47:53,0.0887931
1970-01-01 00:47:54,0.10426734
1970-01-01 00:47:55,0.15069004
1970-01-01 00:47:56,0.19711275
1970-01-01 00:47:57,0.24353546
1970-01-01 00:47:58,0.36732935
1970-01-01 00:47:59,0.55302018
1970-01-01 00:48:00,0.70776254
1970-01-01 00:48:01,0.98629878
1970-01-01 00:48:02,1.264835
1970-01-01 00:48:03,1.6516909
1970-01-01 00:48:04,2.0540211
1970-01-01 00:48:05,2.3635058
1970-01-01 00:48:06,2.4254027
1970-01-01 00:48:07,2.440877
1970-01-01 00:48:08,2.4872997
1970-01-01 00:48:09,2.3635058
1970-01-01 00:48:10,2.2397119
1970-01-01 00:48:11,2.1313922
1970-01-01 00:48:12,2.1623407
1970-01-01 00:48:13,2.2397119
1970-01-01 00:48:14,2.4718254
1970-01-01 00:48:15,2.5337224
1970-01-01 00:48:16,2.4563512
1970-01-01 00:48:17,2.2242377
1970-01-01 00:48:18,1.7290621
1970-01-01 00:48:19,1.2493608
1970-01-01 00:48:20,0.83155642
1970-01-01 00:48:21,0.81608219
1970-01-01 00:48:22,1.2493608
1970-01-01 00:48:23,1.8373818
1970-01-01 00:48:24,2.2397119
1970-01-01 00:48:25,2.2397119
1970-01-01 00:48:26,1.7290621
1970-01-01 00:48:27,1.1410411
1970-01-01 00:48:28,0.50659747
1970-01-01 00:48:29,0.22806122
1970-01-01 00:48:30,0.13521581
1970-01-01 00:48:31,0.27448393
1970-01-01 00:48:32,0.22806122
1970-01-01 00:48:33,0.10426734
1970-01-01 00:48:34,-0.0040523155
1970-01-01 00:48:35,-0.096897731
1970-01-01 00:48:36,-0.019526551
1970-01-01 00:48:37,-0.081423495
1970-01-01 00:48:38,-0.050475023
1970-01-01 00:48:39,-0.081423495
1970-01-01 00:48:40,-0.050475023
1970-01-01 00:48:41,-0.050475023
1970-01-01 00:48:42,-0.050475023
1970-01-01 00:48:43,-0.019526551
1970-01-01 00:48:44,-0.096897731
1970-01-01 00:48:45,-0.1278462
1970-01-01 00:48:46,-0.1278462
1970-01-01 00:48:47,-0.096897731
1970-01-01 00:48:48,-0.050475023
1970-01-01 00:48:49,-0.050475023
1970-01-01 00:48:50,-0.081423495
1970-01-01 00:48:51,-0.15879467
1970-01-01 00:48:52,-0.11237197
1970-01-01 00:48:53,-0.15879467
1970-01-01 00:48:54,-0.15879467
1970-01-01 00:48:55,-0.11237197
1970-01-01 00:48:56,-0.096897731
1970-01-01 00:48:57,-0.14332044
1970-01-01 00:48:58,-0.14332044
1970-01-01 00:48:59,-0.20521738
1970-01-01 00:49:00,-0.17426891
1970-01-01 00:49:01,-0.22069162
1970-01-01 00:49:02,-0.22069162
1970-01-01 00:49:03,-0.15879467
1970-01-01 00:49:04,-0.17426891
1970-01-01 00:49:05,-0.26711433
1970-01-01 00:49:06,-0.25164009
1970-01-01 00:49:07,-0.23616585
1970-01-01 00:49:08,-0.28258856
1970-01-01 00:49:09,-0.2980628
1970-01-01 00:49:10,-0.28258856
1970-01-01 00:49:11,-0.28258856
1970-01-01 00:49:12,-0.32901127
1970-01-01 00:49:13,-0.32901127
1970-01-01 00:49:14,-0.39090821
1970-01-01 00:49:15,-0.35995974
1970-01-01 00:49:16,-0.35995974
1970-01-01 00:49:17,-0.35995974
1970-01-01 00:49:18,-0.37543398
1970-01-01 00:49:19,-0.39090821
1970-01-01 00:49:20,-0.42185668
1970-01-01 00:49:21,-0.40638245
1970-01-01 00:49:22,-0.35995974
1970-01-01 00:49:23,-0.34448551
1970-01-01 00:49:24,-0.40638245
1970-01-01 00:49:25,-0.45280516
1970-01-01 00:49:26,-0.46827939
1970-01-01 00:49:27,-0.43733092
1970-01-01 00:49:28,-0.40638245
1970-01-01 00:49:29,-0.34448551
1970-01-01 00:49:30,-0.42185668
1970-01-01 00:49:31,-0.43733092
1970-01-01 00:49:32,-0.32901127
1970-01-01 00:49:33,-0.32901127
1970-01-01 00:49:34,-0.2980628
1970-01-01 00:49:35,-0.28258856
1970-01-01 00:49:36,-0.23616585
1970-01-01 00:49:37,-0.18974315
1970-01-01 00:49:38,-0.18974315
1970-01-01 00:49:39,-0.11237197
1970-01-01 00:49:40,-0.035000787
1970-01-01 00:49:41,-0.065949259
1970-01-01 00:49:42,-0.019526551
1970-01-01 00:49:43,-0.11237197
1970-01-01 00:49:44,-0.065949259
1970-01-01 00:49:45,0.01142192
1970-01-01 00:49:46,0.073318864
1970-01-01 00:49:47,0.057844628
1970-01-01 00:49:48,-0.019526551
1970-01-01 00:49:49,0.0887931
1970-01-01 00:49:50,0.057844628
1970-01-01 00:49:51,0.026896156
1970-01-01 00:49:52,0.0887931
1970-01-01 00:49:53,0.057844628
1970-01-01 00:49:54,0.0887931
1970-01-01 00:49:55,0.026896156
1970-01-01 00:49:56,0.057844628
1970-01-01 00:49:57,0.042370392
1970-01-01 00:49:58,0.0887931
1970-01-01 00:49:59,0.042370392
1970-01-01 00:50:00,0.073318864
1970-01-01 00:50:01,-0.0040523155
1970-01-01 00:50:02,0.042370392
1970-01-01 00:50:03,0.073318864
1970-01-01 00:50:04,0.01142192
1970-01-01 00:50:05,-0.0040523155
1970-01-01 00:50:06,-0.019526551
1970-01-01 00:50:07,-0.035000787
1970-01-01 00:50:08,-0.065949259
1970-01-01 00:50:09,-0.050475023
1970-01-01 00:50:10,-0.019526551
1970-01-01 00:50:11,-0.050475023
1970-01-01 00:50:12,-0.065949259
1970-01-01 00:50:13,-0.081423495
1970-01-01 00:50:14,-0.096897731
1970-01-01 00:50:15,-0.0040523155
1970-01-01 00:50:16,-0.096897731
1970-01-01 00:50:17,-0.065949259
1970-01-01 00:50:18,-0.035000787
1970-01-01 00:50:19,-0.096897731
1970-01-01 00:50:20,-0.035000787
1970-01-01 00:50:21,-0.065949259
1970-01-01 00:50:22,-0.081423495
1970-01-01 00:50:23,-0.065949259
1970-01-01 00:50:24,-0.035000787
1970-01-01 00:50:25,-0.065949259
1970-01-01 00:50:26,-0.019526551
1970-01-01 00:50:27,0.01142192
1970-01-01 00:50:28,0.042370392
1970-01-01 00:50:29,0.042370392
1970-01-01 00:50:30,0.073318864
1970-01-01 00:50:31,0.19711275
1970-01-01 00:50:32,0.22806122
1970-01-01 00:50:33,0.3054324
1970-01-01 00:50:34,0.3054324
1970-01-01 00:50:35,0.33638087
1970-01-01 00:50:36,0.41375205
1970-01-01 00:50:37,0.50659747
1970-01-01 00:50:38,0.49112323
1970-01-01 00:50:39,0.56849441
1970-01-01 00:50:40,0.61491712
1970-01-01 00:50:41,0.56849441
1970-01-01 00:50:42,0.52207171
1970-01-01 00:50:43,0.475649
1970-01-01 00:50:44,0.46017476
1970-01-01 00:50:45,0.35185511
1970-01-01 00:50:46,0.3054324
1970-01-01 00:50:47,0.25900969
1970-01-01 00:50:48,0.19711275
1970-01-01 00:50:49,0.19711275
1970-01-01 00:50:50,0.22806122
1970-01-01 00:50:51,0.13521581
1970-01-01 00:50:52,0.0887931
1970-01-01 00:50:53,0.073318864
1970-01-01 00:50:54,-0.019526551
1970-01-01 00:50:55,-0.081423495
1970-01-01 00:50:56,-0.17426891
1970-01-01 00:50:57,-0.18974315
1970-01-01 00:50:58,-0.22069162
1970-01-01 00:50:59,-0.20521738
1970-01-01 00:51:00,-0.18974315
1970-01-01 00:51:01,-0.15879467
1970-01-01 00:51:02,-0.17426891
1970-01-01 00:51:03,-0.25164009
1970-01-01 00:51:04,-0.23616585
1970-01-01 00:51:05,-0.26711433
1970-01-01 00:51:06,-0.28258856
1970-01-01 00:51:07,-0.22069162
1970-01-01 00:51:08,-0.25164009
1970-01-01 00:51:09,-0.23616585
1970-01-01 00:51:10,-0.25164009
1970-01-01 00:51:11,-0.22069162
1970-01-01 00:51:12,-0.25164009
1970-01-01 00:51:13,-0.20521738
1970-01-01 00:51:14,-0.18974315
1970-01-01 00:51:15,-0.26711433
1970-01-01 00:51:16,-0.23616585
1970-01-01 00:51:17,-0.11237197
1970-01-01 00:51:18,-0.019526551
1970-01-01 00:51:19,0.15069004
1970-01-01 00:51:20,0.41375205
1970-01-01 00:51:21,0.81608219
1970-01-01 00:51:22,1.2029381
1970-01-01 00:51:23,1.6207425
1970-01-01 00:51:24,2.0540211
1970-01-01 00:51:25,2.3325573
1970-01-01 00:51:26,2.4563512
1970-01-01 00:51:27,2.5182481
1970-01-01 00:51:28,2.5646708
1970-01-01 00:51:29,2.642042
1970-01-01 00:51:30,2.5646708
1970-01-01 00:51:31,2.440877
1970-01-01 00:51:32,2.4099285
1970-01-01 00:51:33,2.440877
1970-01-01 00:51:34,2.5337224
1970-01-01 00:51:35,2.440877
1970-01-01 00:51:36,2.1932892
1970-01-01 00:51:37,1.589794
1970-01-01 00:51:38,1.0172473
1970-01-01 00:51:39,0.61491712
1970-01-01 00:51:40,0.64586559
1970-01-01 00:51:41,1.2338866
1970-01-01 00:51:42,1.852856
1970-01-01 00:51:43,2.2551861
1970-01-01 00:51:44,2.1623407
1970-01-01 00:51:45,1.7135879
1970-01-01 00:51:46,1.06367
1970-01-01 00:51:47,0.44470053
1970-01-01 00:51:48,-0.0040523155
1970-01-01 00:51:49,-0.15879467
1970-01-01 00:51:50,-0.1278462
1970-01-01 00:51:51,-0.15879467
1970-01-01 00:51:52,-0.2980628
1970-01-01 00:51:53,-0.2980628
1970-01-01 00:51:54,-0.28258856
1970-01-01 00:51:55,-0.32901127
1970-01-01 00:51:56,-0.31353703
1970-01-01 00:51:57,-0.28258856
1970-01-01 00:51:58,-0.25164009
1970-01-01 00:51:59,-0.25164009
1970-01-01 00:52:00,-0.23616585
1970-01-01 00:52:01,-0.32901127
1970-01-01 00:52:02,-0.32901127
1970-01-01 00:52:03,-0.28258856
1970-01-01 00:52:04,-0.26711433
1970-01-01 00:52:05,-0.25164009
1970-01-01 00:52:06,-0.26711433
1970-01-01 00:52:07,-0.28258856
1970-01-01 00:52:08,-0.26711433
1970-01-01 00:52:09,-0.23616585
1970-01-01 00:52:10,-0.22069162
1970-01-01 00:52:11,-0.2980628
1970-01-01 00:52:12,-0.28258856
1970-01-01 00:52:13,-0.2980628
1970-01-01 00:52:14,-0.28258856
1970-01-01 00:52:15,-0.20521738
1970-01-01 00:52:16,-0.22069162
1970-01-01 00:52:17,-0.20521738
1970-01-01 00:52:18,-0.26711433
1970-01-01 00:52:19,-0.32901127
1970-01-01 00:52:20,-0.37543398
1970-01-01 00:52:21,-0.32901127
1970-01-01 00:52:22,-0.2980628
1970-01-01 00:52:23,-0.2980628
1970-01-01 00:52:24,-0.26711433
1970-01-01 00:52:25,-0.31353703
1970-01-01 00:52:26,-0.32901127
1970-01-01 00:52:27,-0.34448551
1970-01-01 00:52:28,-0.37543398
1970-01-01 00:52:29,-0.39090821
1970-01-01 00:52:30,-0.42185668
1970-01-01 00:52:31,-0.45280516
1970-01-01 00:52:32,-0.37543398
1970-01-01 00:52:33,-0.40638245
1970-01-01 00:52:34,-0.45280516
1970-01-01 00:52:35,-0.49922786
1970-01-01 00:52:36,-0.53017634
1970-01-01 00:52:37,-0.56112481
1970-01-01 00:52:38,-0.59207328
1970-01-01 00:52:39,-0.54565057
1970-01-01 00:52:40,-0.60754752
1970-01-01 00:52:41,-0.59207328
1970-01-01 00:52:42,-0.66944446
1970-01-01 00:52:43,-0.62302175
1970-01-01 00:52:44,-0.57659904
1970-01-01 00:52:45,-0.59207328
1970-01-01 00:52:46,-0.65397022
1970-01-01 00:52:47,-0.7313414
1970-01-01 00:52:48,-0.63849599
1970-01-01 00:52:49,-0.62302175
1970-01-01 00:52:50,-0.66944446
1970-01-01 00:52:51,-0.60754752
1970-01-01 00:52:52,-0.56112481
1970-01-01 00:52:53,-0.57659904
1970-01-01 00:52:54,-0.54565057
1970-01-01 00:52:55,-0.49922786
1970-01-01 00:52:56,-0.43733092
1970-01-01 00:52:57,-0.40638245
1970-01-01 00:52:58,-0.42185668
1970-01-01 00:52:59,-0.31353703
1970-01-01 00:53:00,-0.25164009
1970-01-01 00:53:01,-0.31353703
1970-01-01 00:53:02,-0.18974315
1970-01-01 00:53:03,-0.22069162
1970-01-01 00:53:04,-0.18974315
1970-01-01 00:53:05,-0.20521738
1970-01-01 00:53:06,-0.15879467
1970-01-01 00:53:07,-0.14332044
1970-01-01 00:53:08,-0.065949259
1970-01-01 00:53:09,-0.065949259
1970-01-01 00:53:10,-0.065949259
1970-01-01 00:53:11,-0.096897731
1970-01-01 00:53:12,-0.035000787
1970-01-01 00:53:13,-0.050475023
1970-01-01 00:53:14,-0.096897731
1970-01-01 00:53:15,-0.11237197
1970-01-01 00:53:16,-0.096897731
1970-01-01 00:53:17,-0.050475023
1970-01-01 00:53:18,-0.096897731
1970-01-01 00:53:19,-0.096897731
1970-01-01 00:53:20,-0.11237197
